Ville;Latitude;Longitude;Date;Heure;temperature_2m;weathercode;Temps_Label;windspeed_10m;wind_gusts_10m;precipitation
Ajaccio;41.92;8.73;22/09/2026;00:00;22.1;5;SOLEIL VOILÉ;1;9.7;0
Ajaccio;41.92;8.73;22/09/2026;01:00;22;5;SOLEIL VOILÉ;1;9.7;0
Ajaccio;41.92;8.73;22/09/2026;02:00;21.5;0;SOLEIL;1;9.4;0
Ajaccio;41.92;8.73;22/09/2026;03:00;21.2;0;SOLEIL;1;9.0;0
Ajaccio;41.92;8.73;22/09/2026;04:00;20.1;0;SOLEIL;1;9.0;0
Ajaccio;41.92;8.73;22/09/2026;05:00;20.1;0;SOLEIL;1;9.7;0
Ajaccio;41.92;8.73;22/09/2026;06:00;21.4;0;SOLEIL;1;10.8;0
Ajaccio;41.92;8.73;22/09/2026;07:00;24;0;SOLEIL;1;11.9;0
Ajaccio;41.92;8.73;22/09/2026;08:00;26.9;0;SOLEIL;1;11.9;0
Ajaccio;41.92;8.73;22/09/2026;09:00;27.2;0;SOLEIL;2;11.2;0
Ajaccio;41.92;8.73;22/09/2026;10:00;28.7;0;SOLEIL;3;7.6;0
Ajaccio;41.92;8.73;22/09/2026;11:00;30;0;SOLEIL;4;14.0;0
Ajaccio;41.92;8.73;22/09/2026;12:00;30.2;0;SOLEIL;4;20.5;0
Ajaccio;41.92;8.73;22/09/2026;13:00;30;0;SOLEIL;4;24.1;0
Ajaccio;41.92;8.73;22/09/2026;14:00;29.9;0;SOLEIL;4;24.1;0
Ajaccio;41.92;8.73;22/09/2026;15:00;30.1;0;SOLEIL;3;25.9;0
Ajaccio;41.92;8.73;22/09/2026;16:00;27.4;0;SOLEIL;3;26.6;0
Ajaccio;41.92;8.73;22/09/2026;17:00;26.1;0;SOLEIL;3;25.2;0
Ajaccio;41.92;8.73;22/09/2026;18:00;24.9;0;SOLEIL;2;20.9;0
Ajaccio;41.92;8.73;22/09/2026;19:00;24;0;SOLEIL;1;19.8;0
Ajaccio;41.92;8.73;22/09/2026;20:00;23.9;0;SOLEIL;1;13.7;0
Ajaccio;41.92;8.73;22/09/2026;21:00;23.6;0;SOLEIL;1;7.6;0
Ajaccio;41.92;8.73;22/09/2026;22:00;23.1;0;SOLEIL;1;8.6;0
Ajaccio;41.92;8.73;22/09/2026;23:00;22.6;0;SOLEIL;1;9.7;0
Ajaccio;41.92;8.73;23/09/2026;00:00;21.6;0;SOLEIL;2;10.1;0
Ajaccio;41.92;8.73;23/09/2026;01:00;21.6;0;SOLEIL;2;10.8;0
Ajaccio;41.92;8.73;23/09/2026;02:00;19.4;0;SOLEIL;2;11.2;0
Ajaccio;41.92;8.73;23/09/2026;03:00;19.4;0;SOLEIL;2;10.8;0
Ajaccio;41.92;8.73;23/09/2026;04:00;19.4;0;SOLEIL;2;10.8;0
Ajaccio;41.92;8.73;23/09/2026;05:00;19.6;0;SOLEIL;2;11.9;0
Ajaccio;41.92;8.73;23/09/2026;06:00;19.6;0;SOLEIL;2;13.0;0
Ajaccio;41.92;8.73;23/09/2026;07:00;19.6;0;SOLEIL;2;14.0;0
Ajaccio;41.92;8.73;23/09/2026;08:00;27.5;0;SOLEIL;1;14.0;0
Ajaccio;41.92;8.73;23/09/2026;09:00;27.5;0;SOLEIL;1;13.3;0
Ajaccio;41.92;8.73;23/09/2026;10:00;27.5;0;SOLEIL;1;9.0;0
Ajaccio;41.92;8.73;23/09/2026;11:00;29.6;0;SOLEIL;4;18.0;0
Ajaccio;41.92;8.73;23/09/2026;12:00;29.6;0;SOLEIL;4;28.4;0
Ajaccio;41.92;8.73;23/09/2026;13:00;29.6;0;SOLEIL;4;32.4;0
Ajaccio;41.92;8.73;23/09/2026;14:00;28.6;0;SOLEIL;3;33.8;0
Ajaccio;41.92;8.73;23/09/2026;15:00;28.6;0;SOLEIL;3;29.2;0
Ajaccio;41.92;8.73;23/09/2026;16:00;28.6;0;SOLEIL;3;29.9;0
Ajaccio;41.92;8.73;23/09/2026;17:00;25;0;SOLEIL;1;29.2;0
Ajaccio;41.92;8.73;23/09/2026;18:00;25;0;SOLEIL;1;26.6;0
Ajaccio;41.92;8.73;23/09/2026;19:00;25;0;SOLEIL;1;21.6;0
Ajaccio;41.92;8.73;23/09/2026;20:00;21.7;0;SOLEIL;2;12.6;0
Ajaccio;41.92;8.73;23/09/2026;21:00;21.7;0;SOLEIL;2;6.8;0
Ajaccio;41.92;8.73;23/09/2026;22:00;21.7;0;SOLEIL;2;9.7;0
Ajaccio;41.92;8.73;23/09/2026;23:00;19.1;0;SOLEIL;2;11.5;0
Ajaccio;41.92;8.73;24/09/2026;00:00;19.1;0;SOLEIL;2;11.9;0
Ajaccio;41.92;8.73;24/09/2026;01:00;19.1;0;SOLEIL;2;11.9;0
Ajaccio;41.92;8.73;24/09/2026;02:00;18.5;0;SOLEIL;2;11.9;0
Ajaccio;41.92;8.73;24/09/2026;03:00;18.5;0;SOLEIL;2;11.9;0
Ajaccio;41.92;8.73;24/09/2026;04:00;18.5;0;SOLEIL;2;11.9;0
Ajaccio;41.92;8.73;24/09/2026;05:00;18.6;0;SOLEIL;2;11.9;0
Ajaccio;41.92;8.73;24/09/2026;06:00;18.6;0;SOLEIL;2;12.2;0
Ajaccio;41.92;8.73;24/09/2026;07:00;18.6;0;SOLEIL;2;12.6;0
Ajaccio;41.92;8.73;24/09/2026;08:00;27.7;0;SOLEIL;1;12.6;0
Ajaccio;41.92;8.73;24/09/2026;09:00;27.7;0;SOLEIL;1;11.2;0
Ajaccio;41.92;8.73;24/09/2026;10:00;27.7;0;SOLEIL;1;9.4;0
Ajaccio;41.92;8.73;24/09/2026;11:00;29.6;0;SOLEIL;4;10.4;0
Ajaccio;41.92;8.73;24/09/2026;12:00;29.6;0;SOLEIL;4;17.3;0
Ajaccio;41.92;8.73;24/09/2026;13:00;29.6;0;SOLEIL;4;27.0;0
Ajaccio;41.92;8.73;24/09/2026;14:00;28.7;0;SOLEIL;3;33.8;0
Ajaccio;41.92;8.73;24/09/2026;15:00;28.7;0;SOLEIL;3;34.9;0
Ajaccio;41.92;8.73;24/09/2026;16:00;28.7;0;SOLEIL;3;33.1;0
Ajaccio;41.92;8.73;24/09/2026;17:00;23.6;0;SOLEIL;2;30.2;0
Ajaccio;41.92;8.73;24/09/2026;18:00;23.6;0;SOLEIL;2;26.3;0
Ajaccio;41.92;8.73;24/09/2026;19:00;23.6;0;SOLEIL;2;20.9;0
Ajaccio;41.92;8.73;24/09/2026;20:00;23.1;0;SOLEIL;5;16.2;0
Ajaccio;41.92;8.73;24/09/2026;21:00;21.6;0;SOLEIL;5;12.6;0
Ajaccio;41.92;8.73;24/09/2026;22:00;20.2;0;SOLEIL;5;10.1;0
Ajaccio;41.92;8.73;24/09/2026;23:00;19.9;0;SOLEIL;2;8.3;0
Ajaccio;41.92;8.73;25/09/2026;00:00;19.9;0;SOLEIL;2;8.3;0
Ajaccio;41.92;8.73;25/09/2026;01:00;19.9;0;SOLEIL;2;9.7;0
Ajaccio;41.92;8.73;25/09/2026;02:00;17.5;0;SOLEIL;5;10.8;0
Ajaccio;41.92;8.73;25/09/2026;03:00;17.5;0;SOLEIL;5;11.5;0
Ajaccio;41.92;8.73;25/09/2026;04:00;17.5;0;SOLEIL;5;12.6;0
Ajaccio;41.92;8.73;25/09/2026;05:00;18.6;0;SOLEIL;2;13.3;0
Ajaccio;41.92;8.73;25/09/2026;06:00;18.6;0;SOLEIL;2;14.0;0
Ajaccio;41.92;8.73;25/09/2026;07:00;18.6;0;SOLEIL;2;14.4;0
Ajaccio;41.92;8.73;25/09/2026;08:00;19.9;0;SOLEIL;5;14.8;0
Ajaccio;41.92;8.73;25/09/2026;09:00;21.0;0;SOLEIL;5;14.8;0
Ajaccio;41.92;8.73;25/09/2026;10:00;22.2;0;SOLEIL;5;14.8;0
Ajaccio;41.92;8.73;25/09/2026;11:00;27.2;0;SOLEIL;3;16.2;0
Ajaccio;41.92;8.73;25/09/2026;12:00;27.2;0;SOLEIL;3;20.2;0
Ajaccio;41.92;8.73;25/09/2026;13:00;27.2;0;SOLEIL;3;25.2;0
Ajaccio;41.92;8.73;25/09/2026;14:00;26.9;0;SOLEIL;5;28.8;0
Ajaccio;41.92;8.73;25/09/2026;15:00;28.1;0;SOLEIL;5;29.5;0
Ajaccio;41.92;8.73;25/09/2026;16:00;26.9;0;SOLEIL;5;28.8;0
Ajaccio;41.92;8.73;25/09/2026;17:00;23.4;0;SOLEIL;2;26.3;0
Ajaccio;41.92;8.73;25/09/2026;18:00;23.4;0;SOLEIL;2;21.6;0
Ajaccio;41.92;8.73;25/09/2026;19:00;23.4;0;SOLEIL;2;15.5;0
Ajaccio;41.92;8.73;25/09/2026;20:00;22.2;0;SOLEIL;5;10.8;0
Ajaccio;41.92;8.73;25/09/2026;21:00;21.0;0;SOLEIL;5;9.4;0
Ajaccio;41.92;8.73;25/09/2026;22:00;19.9;0;SOLEIL;5;9.0;0
Ajaccio;41.92;8.73;25/09/2026;23:00;18.5;0;SOLEIL;2;9.4;0
Ajaccio;41.92;8.73;26/09/2026;00:00;18.5;0;SOLEIL;2;9.3;0
Ajaccio;41.92;8.73;26/09/2026;01:00;18.5;0;SOLEIL;2;9.9;0
Ajaccio;41.92;8.73;26/09/2026;02:00;16.2;0;SOLEIL;5;10.6;0
Ajaccio;41.92;8.73;26/09/2026;03:00;16.2;0;SOLEIL;5;11.2;0
Ajaccio;41.92;8.73;26/09/2026;04:00;16.2;0;SOLEIL;5;11.5;0
Ajaccio;41.92;8.73;26/09/2026;05:00;17.4;0;SOLEIL;2;11.9;0
Ajaccio;41.92;8.73;26/09/2026;06:00;17.4;0;SOLEIL;2;12.2;0
Ajaccio;41.92;8.73;26/09/2026;07:00;17.4;0;SOLEIL;2;12.2;0
Ajaccio;41.92;8.73;26/09/2026;08:00;18.8;0;SOLEIL;5;12.2;0
Ajaccio;41.92;8.73;26/09/2026;09:00;20.0;0;SOLEIL;5;11.9;0
Ajaccio;41.92;8.73;26/09/2026;10:00;21.3;0;SOLEIL;5;11.5;0
Ajaccio;41.92;8.73;26/09/2026;11:00;26.9;0;SOLEIL;4;11.9;0
Ajaccio;41.92;8.73;26/09/2026;12:00;26.9;0;SOLEIL;4;14.4;0
Ajaccio;41.92;8.73;26/09/2026;13:00;26.9;0;SOLEIL;4;18.0;0
Ajaccio;41.92;8.73;26/09/2026;14:00;26.4;0;SOLEIL;5;20.5;0
Ajaccio;41.92;8.73;26/09/2026;15:00;27.7;0;SOLEIL;5;21.6;0
Ajaccio;41.92;8.73;26/09/2026;16:00;26.4;0;SOLEIL;5;21.6;0
Ajaccio;41.92;8.73;26/09/2026;17:00;23.1;0;SOLEIL;1;20.5;0
Ajaccio;41.92;8.73;26/09/2026;18:00;23.1;0;SOLEIL;1;17.6;0
Ajaccio;41.92;8.73;26/09/2026;19:00;23.1;0;SOLEIL;1;13.3;0
Ajaccio;41.92;8.73;26/09/2026;20:00;21.3;0;SOLEIL;5;10.4;0
Ajaccio;41.92;8.73;26/09/2026;21:00;20.0;0;SOLEIL;5;9.4;0
Ajaccio;41.92;8.73;26/09/2026;22:00;18.8;0;SOLEIL;5;9.7;0
Ajaccio;41.92;8.73;26/09/2026;23:00;17.7;0;SOLEIL;2;10.1;0
Figari;41.48;9.09;22/09/2026;00:00;14.2;5;SOLEIL VOILÉ;1;16.2;0
Figari;41.48;9.09;22/09/2026;01:00;14.1;5;SOLEIL VOILÉ;0;16.9;0
Figari;41.48;9.09;22/09/2026;02:00;13.6;0;SOLEIL;1;16.9;0
Figari;41.48;9.09;22/09/2026;03:00;14.2;0;SOLEIL;1;16.6;0
Figari;41.48;9.09;22/09/2026;04:00;14.6;0;SOLEIL;1;15.1;0
Figari;41.48;9.09;22/09/2026;05:00;14;0;SOLEIL;1;14.0;0
Figari;41.48;9.09;22/09/2026;06:00;17.1;0;SOLEIL;1;14.4;0
Figari;41.48;9.09;22/09/2026;07:00;24.1;0;SOLEIL;1;14.8;0
Figari;41.48;9.09;22/09/2026;08:00;27.1;0;SOLEIL;2;16.2;0
Figari;41.48;9.09;22/09/2026;09:00;29.2;0;SOLEIL;3;15.5;0
Figari;41.48;9.09;22/09/2026;10:00;30.2;0;SOLEIL;2;20.2;0
Figari;41.48;9.09;22/09/2026;11:00;30.7;0;SOLEIL;4;22.7;0
Figari;41.48;9.09;22/09/2026;12:00;30.7;0;SOLEIL;4;24.1;0
Figari;41.48;9.09;22/09/2026;13:00;30.1;0;SOLEIL;4;29.9;0
Figari;41.48;9.09;22/09/2026;14:00;29.9;0;SOLEIL;3;31.0;0
Figari;41.48;9.09;22/09/2026;15:00;28.9;0;SOLEIL;5;30.2;0
Figari;41.48;9.09;22/09/2026;16:00;27.7;0;SOLEIL;4;31.7;0
Figari;41.48;9.09;22/09/2026;17:00;26.1;0;SOLEIL;4;29.2;0
Figari;41.48;9.09;22/09/2026;18:00;24.6;0;SOLEIL;3;28.1;0
Figari;41.48;9.09;22/09/2026;19:00;23.1;0;SOLEIL;3;23.0;0
Figari;41.48;9.09;22/09/2026;20:00;22.2;0;SOLEIL;4;20.9;0
Figari;41.48;9.09;22/09/2026;21:00;21.9;0;SOLEIL;4;18.7;0
Figari;41.48;9.09;22/09/2026;22:00;21.7;0;SOLEIL;4;19.4;0
Figari;41.48;9.09;22/09/2026;23:00;22.4;0;SOLEIL;5;20.9;0
Figari;41.48;9.09;23/09/2026;00:00;22.2;0;SOLEIL;6;29.2;0
Figari;41.48;9.09;23/09/2026;01:00;22.2;0;SOLEIL;6;40.7;0
Figari;41.48;9.09;23/09/2026;02:00;21.1;0;SOLEIL;6;49.7;0
Figari;41.48;9.09;23/09/2026;03:00;21.1;0;SOLEIL;6;48.6;0
Figari;41.48;9.09;23/09/2026;04:00;21.1;0;SOLEIL;6;46.4;0
Figari;41.48;9.09;23/09/2026;05:00;22.2;0;SOLEIL;5;45.7;0
Figari;41.48;9.09;23/09/2026;06:00;22.2;0;SOLEIL;5;45.4;0
Figari;41.48;9.09;23/09/2026;07:00;22.2;0;SOLEIL;5;43.6;0
Figari;41.48;9.09;23/09/2026;08:00;28.1;0;SOLEIL;5;44.6;0
Figari;41.48;9.09;23/09/2026;09:00;28.1;0;SOLEIL;5;46.4;0
Figari;41.48;9.09;23/09/2026;10:00;28.1;0;SOLEIL;5;47.9;0
Figari;41.48;9.09;23/09/2026;11:00;29.5;0;SOLEIL;5;44.3;0
Figari;41.48;9.09;23/09/2026;12:00;29.5;0;SOLEIL;5;39.6;0
Figari;41.48;9.09;23/09/2026;13:00;29.5;0;SOLEIL;5;36.4;0
Figari;41.48;9.09;23/09/2026;14:00;28.6;0;SOLEIL;4;36.7;0
Figari;41.48;9.09;23/09/2026;15:00;28.6;0;SOLEIL;4;37.4;0
Figari;41.48;9.09;23/09/2026;16:00;28.6;0;SOLEIL;4;33.1;0
Figari;41.48;9.09;23/09/2026;17:00;24.1;0;SOLEIL;3;23.4;0
Figari;41.48;9.09;23/09/2026;18:00;24.1;0;SOLEIL;3;19.1;0
Figari;41.48;9.09;23/09/2026;19:00;24.1;0;SOLEIL;3;19.1;0
Figari;41.48;9.09;23/09/2026;20:00;19.6;0;SOLEIL;3;15.8;0
Figari;41.48;9.09;23/09/2026;21:00;19.6;0;SOLEIL;3;9.0;0
Figari;41.48;9.09;23/09/2026;22:00;19.6;0;SOLEIL;3;12.2;0
Figari;41.48;9.09;23/09/2026;23:00;15.9;0;SOLEIL;2;14.4;0
Figari;41.48;9.09;24/09/2026;00:00;15.9;0;SOLEIL;2;16.2;0
Figari;41.48;9.09;24/09/2026;01:00;15.9;0;SOLEIL;2;16.6;0
Figari;41.48;9.09;24/09/2026;02:00;15.1;0;SOLEIL;2;16.9;0
Figari;41.48;9.09;24/09/2026;03:00;15.1;0;SOLEIL;2;17.6;0
Figari;41.48;9.09;24/09/2026;04:00;15.1;0;SOLEIL;2;17.3;0
Figari;41.48;9.09;24/09/2026;05:00;18.4;0;SOLEIL;2;18.4;0
Figari;41.48;9.09;24/09/2026;06:00;18.4;0;SOLEIL;2;19.1;0
Figari;41.48;9.09;24/09/2026;07:00;18.4;0;SOLEIL;2;18.7;0
Figari;41.48;9.09;24/09/2026;08:00;28.2;0;SOLEIL;4;18.4;0
Figari;41.48;9.09;24/09/2026;09:00;28.2;0;SOLEIL;4;22.3;0
Figari;41.48;9.09;24/09/2026;10:00;28.2;0;SOLEIL;4;27.7;0
Figari;41.48;9.09;24/09/2026;11:00;29.2;0;SOLEIL;6;32.0;0
Figari;41.48;9.09;24/09/2026;12:00;29.2;0;SOLEIL;6;34.6;0
Figari;41.48;9.09;24/09/2026;13:00;29.2;0;SOLEIL;6;36.4;0
Figari;41.48;9.09;24/09/2026;14:00;28.6;0;SOLEIL;6;37.8;0
Figari;41.48;9.09;24/09/2026;15:00;28.6;0;SOLEIL;6;39.6;0
Figari;41.48;9.09;24/09/2026;16:00;28.6;0;SOLEIL;6;41.4;0
Figari;41.48;9.09;24/09/2026;17:00;23.6;0;SOLEIL;5;42.1;0
Figari;41.48;9.09;24/09/2026;18:00;23.6;0;SOLEIL;5;40.7;0
Figari;41.48;9.09;24/09/2026;19:00;23.6;0;SOLEIL;5;38.2;0
Figari;41.48;9.09;24/09/2026;20:00;21.5;0;SOLEIL;5;35.6;0
Figari;41.48;9.09;24/09/2026;21:00;19.8;0;SOLEIL;5;33.8;0
Figari;41.48;9.09;24/09/2026;22:00;18.0;0;SOLEIL;5;32.4;0
Figari;41.48;9.09;24/09/2026;23:00;20.1;0;SOLEIL;5;31.7;0
Figari;41.48;9.09;25/09/2026;00:00;20.1;0;SOLEIL;5;32.0;0
Figari;41.48;9.09;25/09/2026;01:00;20.1;0;SOLEIL;5;32.8;0
Figari;41.48;9.09;25/09/2026;02:00;16.9;0;SOLEIL;5;32.8;0
Figari;41.48;9.09;25/09/2026;03:00;16.9;0;SOLEIL;5;32.0;0
Figari;41.48;9.09;25/09/2026;04:00;16.9;0;SOLEIL;5;30.6;0
Figari;41.48;9.09;25/09/2026;05:00;18.2;0;SOLEIL;4;28.4;0
Figari;41.48;9.09;25/09/2026;06:00;18.2;0;SOLEIL;4;23.8;0
Figari;41.48;9.09;25/09/2026;07:00;18.2;0;SOLEIL;4;18.4;0
Figari;41.48;9.09;25/09/2026;08:00;19.3;0;SOLEIL;5;15.5;0
Figari;41.48;9.09;25/09/2026;09:00;20.5;0;SOLEIL;5;17.3;0
Figari;41.48;9.09;25/09/2026;10:00;21.7;0;SOLEIL;5;21.2;0
Figari;41.48;9.09;25/09/2026;11:00;27;6;AVERSES;6;25.9;0
Figari;41.48;9.09;25/09/2026;12:00;27;6;AVERSES;6;30.6;0
Figari;41.48;9.09;25/09/2026;13:00;27;6;AVERSES;6;36.0;0
Figari;41.48;9.09;25/09/2026;14:00;26.5;0;SOLEIL;5;39.6;0
Figari;41.48;9.09;25/09/2026;15:00;27.7;0;SOLEIL;5;41.4;0
Figari;41.48;9.09;25/09/2026;16:00;26.5;0;SOLEIL;5;41.8;0
Figari;41.48;9.09;25/09/2026;17:00;21.7;7;PLUIE FAIBLE;4;40.7;0
Figari;41.48;9.09;25/09/2026;18:00;21.7;7;PLUIE FAIBLE;4;37.1;0
Figari;41.48;9.09;25/09/2026;19:00;21.7;7;PLUIE FAIBLE;4;32.0;0
Figari;41.48;9.09;25/09/2026;20:00;21.7;0;SOLEIL;5;27.7;0
Figari;41.48;9.09;25/09/2026;21:00;20.5;0;SOLEIL;5;25.9;0
Figari;41.48;9.09;25/09/2026;22:00;19.3;0;SOLEIL;5;25.2;0
Figari;41.48;9.09;25/09/2026;23:00;18;0;SOLEIL;3;24.1;0
Figari;41.48;9.09;26/09/2026;00:00;18;0;SOLEIL;3;22.9;0
Figari;41.48;9.09;26/09/2026;01:00;18;0;SOLEIL;3;21.6;0
Figari;41.48;9.09;26/09/2026;02:00;15.7;0;SOLEIL;5;21.1;0
Figari;41.48;9.09;26/09/2026;03:00;15.7;0;SOLEIL;5;22.0;0
Figari;41.48;9.09;26/09/2026;04:00;15.7;0;SOLEIL;5;22.0;0
Figari;41.48;9.09;26/09/2026;05:00;17;0;SOLEIL;3;21.6;0
Figari;41.48;9.09;26/09/2026;06:00;17;0;SOLEIL;3;20.5;0
Figari;41.48;9.09;26/09/2026;07:00;17;0;SOLEIL;3;19.4;0
Figari;41.48;9.09;26/09/2026;08:00;18.5;0;SOLEIL;5;18.4;0
Figari;41.48;9.09;26/09/2026;09:00;19.9;0;SOLEIL;5;17.6;0
Figari;41.48;9.09;26/09/2026;10:00;21.3;0;SOLEIL;5;17.3;0
Figari;41.48;9.09;26/09/2026;11:00;27.6;0;SOLEIL;5;18.0;0
Figari;41.48;9.09;26/09/2026;12:00;27.6;0;SOLEIL;5;20.5;0
Figari;41.48;9.09;26/09/2026;13:00;27.6;0;SOLEIL;5;24.1;0
Figari;41.48;9.09;26/09/2026;14:00;27.0;0;SOLEIL;5;26.3;0
Figari;41.48;9.09;26/09/2026;15:00;28.4;0;SOLEIL;5;27.0;0
Figari;41.48;9.09;26/09/2026;16:00;27.0;0;SOLEIL;5;26.3;0
Figari;41.48;9.09;26/09/2026;17:00;22.1;0;SOLEIL;3;24.5;0
Figari;41.48;9.09;26/09/2026;18:00;22.1;0;SOLEIL;3;20.2;0
Figari;41.48;9.09;26/09/2026;19:00;22.1;0;SOLEIL;3;14.8;0
Figari;41.48;9.09;26/09/2026;20:00;21.3;0;SOLEIL;5;10.8;0
Figari;41.48;9.09;26/09/2026;21:00;19.9;0;SOLEIL;5;9.7;0
Figari;41.48;9.09;26/09/2026;22:00;18.5;0;SOLEIL;5;10.1;0
Figari;41.48;9.09;26/09/2026;23:00;16.5;0;SOLEIL;3;10.8;0
Porto-Vecchio;41.59;9.27;22/09/2026;00:00;18.9;5;SOLEIL VOILÉ;1;11.5;0
Porto-Vecchio;41.59;9.27;22/09/2026;01:00;18.2;5;SOLEIL VOILÉ;1;11.2;0
Porto-Vecchio;41.59;9.27;22/09/2026;02:00;17.6;0;SOLEIL;1;11.9;0
Porto-Vecchio;41.59;9.27;22/09/2026;03:00;17.4;0;SOLEIL;1;11.2;0
Porto-Vecchio;41.59;9.27;22/09/2026;04:00;17.6;0;SOLEIL;1;10.8;0
Porto-Vecchio;41.59;9.27;22/09/2026;05:00;17;0;SOLEIL;1;9.7;0
Porto-Vecchio;41.59;9.27;22/09/2026;06:00;18.6;0;SOLEIL;1;9.4;0
Porto-Vecchio;41.59;9.27;22/09/2026;07:00;23.4;0;SOLEIL;1;11.2;0
Porto-Vecchio;41.59;9.27;22/09/2026;08:00;26.5;0;SOLEIL;1;11.2;0
Porto-Vecchio;41.59;9.27;22/09/2026;09:00;28.9;0;SOLEIL;3;11.2;0
Porto-Vecchio;41.59;9.27;22/09/2026;10:00;29.5;0;SOLEIL;4;18.4;0
Porto-Vecchio;41.59;9.27;22/09/2026;11:00;30.1;0;SOLEIL;5;27.0;0
Porto-Vecchio;41.59;9.27;22/09/2026;12:00;29.7;0;SOLEIL;5;32.0;0
Porto-Vecchio;41.59;9.27;22/09/2026;13:00;29.5;0;SOLEIL;5;37.1;0
Porto-Vecchio;41.59;9.27;22/09/2026;14:00;29.2;0;SOLEIL;5;40.0;0
Porto-Vecchio;41.59;9.27;22/09/2026;15:00;28.2;0;SOLEIL;4;42.8;0
Porto-Vecchio;41.59;9.27;22/09/2026;16:00;27.1;0;SOLEIL;4;42.8;0
Porto-Vecchio;41.59;9.27;22/09/2026;17:00;26.1;0;SOLEIL;4;39.2;0
Porto-Vecchio;41.59;9.27;22/09/2026;18:00;25.4;0;SOLEIL;3;36.0;0
Porto-Vecchio;41.59;9.27;22/09/2026;19:00;24.1;0;SOLEIL;3;30.2;0
Porto-Vecchio;41.59;9.27;22/09/2026;20:00;23.6;0;SOLEIL;3;27.0;0
Porto-Vecchio;41.59;9.27;22/09/2026;21:00;23.1;0;SOLEIL;3;17.6;0
Porto-Vecchio;41.59;9.27;22/09/2026;22:00;22.7;0;SOLEIL;4;13.7;0
Porto-Vecchio;41.59;9.27;22/09/2026;23:00;23;0;SOLEIL;5;13.7;0
Porto-Vecchio;41.59;9.27;23/09/2026;00:00;23.5;0;SOLEIL;5;22.3;0
Porto-Vecchio;41.59;9.27;23/09/2026;01:00;23.5;0;SOLEIL;5;32.4;0
Porto-Vecchio;41.59;9.27;23/09/2026;02:00;20.7;0;SOLEIL;6;32.4;0
Porto-Vecchio;41.59;9.27;23/09/2026;03:00;20.7;0;SOLEIL;6;26.3;0
Porto-Vecchio;41.59;9.27;23/09/2026;04:00;20.7;0;SOLEIL;6;27.0;0
Porto-Vecchio;41.59;9.27;23/09/2026;05:00;22.2;0;SOLEIL;6;28.8;0
Porto-Vecchio;41.59;9.27;23/09/2026;06:00;22.2;0;SOLEIL;6;28.4;0
Porto-Vecchio;41.59;9.27;23/09/2026;07:00;22.2;0;SOLEIL;6;27.4;0
Porto-Vecchio;41.59;9.27;23/09/2026;08:00;28.1;0;SOLEIL;5;24.1;0
Porto-Vecchio;41.59;9.27;23/09/2026;09:00;28.1;0;SOLEIL;5;28.8;0
Porto-Vecchio;41.59;9.27;23/09/2026;10:00;28.1;0;SOLEIL;5;32.4;0
Porto-Vecchio;41.59;9.27;23/09/2026;11:00;29.2;0;SOLEIL;4;32.4;0
Porto-Vecchio;41.59;9.27;23/09/2026;12:00;29.2;0;SOLEIL;4;26.6;0
Porto-Vecchio;41.59;9.27;23/09/2026;13:00;29.2;0;SOLEIL;4;24.1;0
Porto-Vecchio;41.59;9.27;23/09/2026;14:00;28.1;0;SOLEIL;3;27.7;0
Porto-Vecchio;41.59;9.27;23/09/2026;15:00;28.1;0;SOLEIL;3;27.7;0
Porto-Vecchio;41.59;9.27;23/09/2026;16:00;28.1;0;SOLEIL;3;28.4;0
Porto-Vecchio;41.59;9.27;23/09/2026;17:00;24.7;0;SOLEIL;2;28.1;0
Porto-Vecchio;41.59;9.27;23/09/2026;18:00;24.7;0;SOLEIL;2;23.0;0
Porto-Vecchio;41.59;9.27;23/09/2026;19:00;24.7;0;SOLEIL;2;19.4;0
Porto-Vecchio;41.59;9.27;23/09/2026;20:00;21.4;0;SOLEIL;2;14.8;0
Porto-Vecchio;41.59;9.27;23/09/2026;21:00;21.4;0;SOLEIL;2;6.1;0
Porto-Vecchio;41.59;9.27;23/09/2026;22:00;21.4;0;SOLEIL;2;6.8;0
Porto-Vecchio;41.59;9.27;23/09/2026;23:00;19.2;0;SOLEIL;2;12.6;0
Porto-Vecchio;41.59;9.27;24/09/2026;00:00;19.2;0;SOLEIL;2;11.9;0
Porto-Vecchio;41.59;9.27;24/09/2026;01:00;19.2;0;SOLEIL;2;11.5;0
Porto-Vecchio;41.59;9.27;24/09/2026;02:00;18.1;0;SOLEIL;2;11.5;0
Porto-Vecchio;41.59;9.27;24/09/2026;03:00;18.1;0;SOLEIL;2;11.5;0
Porto-Vecchio;41.59;9.27;24/09/2026;04:00;18.1;0;SOLEIL;2;11.5;0
Porto-Vecchio;41.59;9.27;24/09/2026;05:00;19.6;0;SOLEIL;2;11.9;0
Porto-Vecchio;41.59;9.27;24/09/2026;06:00;19.6;0;SOLEIL;2;11.2;0
Porto-Vecchio;41.59;9.27;24/09/2026;07:00;19.6;0;SOLEIL;2;10.8;0
Porto-Vecchio;41.59;9.27;24/09/2026;08:00;28.1;0;SOLEIL;2;10.4;0
Porto-Vecchio;41.59;9.27;24/09/2026;09:00;28.1;0;SOLEIL;2;12.6;0
Porto-Vecchio;41.59;9.27;24/09/2026;10:00;28.1;0;SOLEIL;2;15.8;0
Porto-Vecchio;41.59;9.27;24/09/2026;11:00;30.4;0;SOLEIL;3;18.4;0
Porto-Vecchio;41.59;9.27;24/09/2026;12:00;30.4;0;SOLEIL;3;19.1;0
Porto-Vecchio;41.59;9.27;24/09/2026;13:00;30.4;0;SOLEIL;3;19.4;0
Porto-Vecchio;41.59;9.27;24/09/2026;14:00;30.7;0;SOLEIL;6;21.6;0
Porto-Vecchio;41.59;9.27;24/09/2026;15:00;30.7;0;SOLEIL;6;28.8;0
Porto-Vecchio;41.59;9.27;24/09/2026;16:00;30.7;0;SOLEIL;6;38.2;0
Porto-Vecchio;41.59;9.27;24/09/2026;17:00;25.6;0;SOLEIL;5;43.2;0
Porto-Vecchio;41.59;9.27;24/09/2026;18:00;25.6;0;SOLEIL;5;39.6;0
Porto-Vecchio;41.59;9.27;24/09/2026;19:00;25.6;0;SOLEIL;5;31.7;0
Porto-Vecchio;41.59;9.27;24/09/2026;20:00;23.8;0;SOLEIL;5;24.5;0
Porto-Vecchio;41.59;9.27;24/09/2026;21:00;22.3;0;SOLEIL;5;20.2;0
Porto-Vecchio;41.59;9.27;24/09/2026;22:00;20.7;0;SOLEIL;5;16.9;0
Porto-Vecchio;41.59;9.27;24/09/2026;23:00;21.7;0;SOLEIL;4;14.8;0
Porto-Vecchio;41.59;9.27;25/09/2026;00:00;21.7;0;SOLEIL;4;14.8;0
Porto-Vecchio;41.59;9.27;25/09/2026;01:00;21.7;0;SOLEIL;4;16.2;0
Porto-Vecchio;41.59;9.27;25/09/2026;02:00;17.2;7;PLUIE FAIBLE;5;16.6;0
Porto-Vecchio;41.59;9.27;25/09/2026;03:00;17.2;7;PLUIE FAIBLE;5;14.0;0
Porto-Vecchio;41.59;9.27;25/09/2026;04:00;17.2;7;PLUIE FAIBLE;5;10.8;0
Porto-Vecchio;41.59;9.27;25/09/2026;05:00;18.6;0;SOLEIL;5;8.6;0
Porto-Vecchio;41.59;9.27;25/09/2026;06:00;18.6;0;SOLEIL;5;9.0;0
Porto-Vecchio;41.59;9.27;25/09/2026;07:00;18.6;0;SOLEIL;5;10.8;0
Porto-Vecchio;41.59;9.27;25/09/2026;08:00;19.5;7;PLUIE FAIBLE;5;13.3;0
Porto-Vecchio;41.59;9.27;25/09/2026;09:00;20.7;7;PLUIE FAIBLE;5;17.3;0
Porto-Vecchio;41.59;9.27;25/09/2026;10:00;21.8;7;PLUIE FAIBLE;5;22.0;0
Porto-Vecchio;41.59;9.27;25/09/2026;11:00;27.1;7;PLUIE FAIBLE;8;25.9;0
Porto-Vecchio;41.59;9.27;25/09/2026;12:00;27.1;7;PLUIE FAIBLE;8;28.4;0
Porto-Vecchio;41.59;9.27;25/09/2026;13:00;27.1;7;PLUIE FAIBLE;8;29.9;0
Porto-Vecchio;41.59;9.27;25/09/2026;14:00;26.4;7;PLUIE FAIBLE;5;30.6;0
Porto-Vecchio;41.59;9.27;25/09/2026;15:00;27.6;7;PLUIE FAIBLE;5;31.0;0
Porto-Vecchio;41.59;9.27;25/09/2026;16:00;26.4;7;PLUIE FAIBLE;5;30.2;0
Porto-Vecchio;41.59;9.27;25/09/2026;17:00;22.5;7;PLUIE FAIBLE;5;28.8;0
Porto-Vecchio;41.59;9.27;25/09/2026;18:00;22.5;7;PLUIE FAIBLE;5;25.9;0
Porto-Vecchio;41.59;9.27;25/09/2026;19:00;22.5;7;PLUIE FAIBLE;5;22.0;0
Porto-Vecchio;41.59;9.27;25/09/2026;20:00;21.8;7;PLUIE FAIBLE;5;18.4;0
Porto-Vecchio;41.59;9.27;25/09/2026;21:00;20.7;7;PLUIE FAIBLE;5;15.8;0
Porto-Vecchio;41.59;9.27;25/09/2026;22:00;19.5;7;PLUIE FAIBLE;5;14.0;0
Porto-Vecchio;41.59;9.27;25/09/2026;23:00;19.2;0;SOLEIL;6;12.6;0
Porto-Vecchio;41.59;9.27;26/09/2026;00:00;19.2;0;SOLEIL;6;12.0;0
Porto-Vecchio;41.59;9.27;26/09/2026;01:00;19.2;0;SOLEIL;6;11.9;0
Porto-Vecchio;41.59;9.27;26/09/2026;02:00;16.9;0;SOLEIL;5;12.6;0
Porto-Vecchio;41.59;9.27;26/09/2026;03:00;16.9;0;SOLEIL;5;14.4;0
Porto-Vecchio;41.59;9.27;26/09/2026;04:00;16.9;0;SOLEIL;5;15.5;0
Porto-Vecchio;41.59;9.27;26/09/2026;05:00;18.4;0;SOLEIL;6;16.2;0
Porto-Vecchio;41.59;9.27;26/09/2026;06:00;18.4;0;SOLEIL;6;15.5;0
Porto-Vecchio;41.59;9.27;26/09/2026;07:00;18.4;0;SOLEIL;6;14.4;0
Porto-Vecchio;41.59;9.27;26/09/2026;08:00;19.3;0;SOLEIL;5;13.7;0
Porto-Vecchio;41.59;9.27;26/09/2026;09:00;20.5;0;SOLEIL;5;13.7;0
Porto-Vecchio;41.59;9.27;26/09/2026;10:00;21.7;0;SOLEIL;5;14.4;0
Porto-Vecchio;41.59;9.27;26/09/2026;11:00;27.1;0;SOLEIL;8;15.5;0
Porto-Vecchio;41.59;9.27;26/09/2026;12:00;27.1;0;SOLEIL;8;18.0;0
Porto-Vecchio;41.59;9.27;26/09/2026;13:00;27.1;0;SOLEIL;8;21.2;0
Porto-Vecchio;41.59;9.27;26/09/2026;14:00;26.4;0;SOLEIL;5;23.4;0
Porto-Vecchio;41.59;9.27;26/09/2026;15:00;27.6;0;SOLEIL;5;24.1;0
Porto-Vecchio;41.59;9.27;26/09/2026;16:00;26.4;0;SOLEIL;5;23.8;0
Porto-Vecchio;41.59;9.27;26/09/2026;17:00;22.7;0;SOLEIL;5;22.3;0
Porto-Vecchio;41.59;9.27;26/09/2026;18:00;22.7;0;SOLEIL;5;19.1;0
Porto-Vecchio;41.59;9.27;26/09/2026;19:00;22.7;0;SOLEIL;5;14.8;0
Porto-Vecchio;41.59;9.27;26/09/2026;20:00;21.7;0;SOLEIL;5;10.8;0
Porto-Vecchio;41.59;9.27;26/09/2026;21:00;20.5;0;SOLEIL;5;7.9;0
Porto-Vecchio;41.59;9.27;26/09/2026;22:00;19.3;0;SOLEIL;5;5.4;0
Porto-Vecchio;41.59;9.27;26/09/2026;23:00;18.7;0;SOLEIL;4;4.7;0
Sartène;41.62;8.97;22/09/2026;00:00;18.5;5;SOLEIL VOILÉ;1;13.3;0
Sartène;41.62;8.97;22/09/2026;01:00;17.9;5;SOLEIL VOILÉ;1;13.0;0
Sartène;41.62;8.97;22/09/2026;02:00;18;0;SOLEIL;1;12.2;0
Sartène;41.62;8.97;22/09/2026;03:00;18.1;0;SOLEIL;1;13.0;0
Sartène;41.62;8.97;22/09/2026;04:00;17.7;0;SOLEIL;1;13.0;0
Sartène;41.62;8.97;22/09/2026;05:00;17.6;0;SOLEIL;1;12.2;0
Sartène;41.62;8.97;22/09/2026;06:00;18.6;0;SOLEIL;1;12.6;0
Sartène;41.62;8.97;22/09/2026;07:00;21.5;0;SOLEIL;1;13.7;0
Sartène;41.62;8.97;22/09/2026;08:00;25.5;0;SOLEIL;0;14.4;0
Sartène;41.62;8.97;22/09/2026;09:00;27.4;0;SOLEIL;1;14.0;0
Sartène;41.62;8.97;22/09/2026;10:00;28.9;0;SOLEIL;2;10.1;0
Sartène;41.62;8.97;22/09/2026;11:00;29.1;0;SOLEIL;3;10.8;0
Sartène;41.62;8.97;22/09/2026;12:00;28.6;0;SOLEIL;3;14.4;0
Sartène;41.62;8.97;22/09/2026;13:00;28.1;0;SOLEIL;3;20.9;0
Sartène;41.62;8.97;22/09/2026;14:00;28;0;SOLEIL;3;28.1;0
Sartène;41.62;8.97;22/09/2026;15:00;27.5;0;SOLEIL;2;33.1;0
Sartène;41.62;8.97;22/09/2026;16:00;26.2;0;SOLEIL;2;33.1;0
Sartène;41.62;8.97;22/09/2026;17:00;24.5;0;SOLEIL;1;23.0;0
Sartène;41.62;8.97;22/09/2026;18:00;22.6;0;SOLEIL;0;16.2;0
Sartène;41.62;8.97;22/09/2026;19:00;21.5;0;SOLEIL;0;15.1;0
Sartène;41.62;8.97;22/09/2026;20:00;21.2;0;SOLEIL;1;7.6;0
Sartène;41.62;8.97;22/09/2026;21:00;21.4;0;SOLEIL;1;15.8;0
Sartène;41.62;8.97;22/09/2026;22:00;21.2;0;SOLEIL;3;19.1;0
Sartène;41.62;8.97;22/09/2026;23:00;21.1;0;SOLEIL;3;20.2;0
Sartène;41.62;8.97;23/09/2026;00:00;20.9;0;SOLEIL;3;22.3;0
Sartène;41.62;8.97;23/09/2026;01:00;20.9;0;SOLEIL;3;26.3;0
Sartène;41.62;8.97;23/09/2026;02:00;21;0;SOLEIL;5;31.7;0
Sartène;41.62;8.97;23/09/2026;03:00;21;0;SOLEIL;5;31.7;0
Sartène;41.62;8.97;23/09/2026;04:00;21;0;SOLEIL;5;31.7;0
Sartène;41.62;8.97;23/09/2026;05:00;21.9;0;SOLEIL;4;33.1;0
Sartène;41.62;8.97;23/09/2026;06:00;21.9;0;SOLEIL;4;30.6;0
Sartène;41.62;8.97;23/09/2026;07:00;21.9;0;SOLEIL;4;28.4;0
Sartène;41.62;8.97;23/09/2026;08:00;27.7;0;SOLEIL;4;27.4;0
Sartène;41.62;8.97;23/09/2026;09:00;27.7;0;SOLEIL;4;29.9;0
Sartène;41.62;8.97;23/09/2026;10:00;27.7;0;SOLEIL;4;32.0;0
Sartène;41.62;8.97;23/09/2026;11:00;29.6;0;SOLEIL;3;32.8;0
Sartène;41.62;8.97;23/09/2026;12:00;29.6;0;SOLEIL;3;31.7;0
Sartène;41.62;8.97;23/09/2026;13:00;29.6;0;SOLEIL;3;28.8;0
Sartène;41.62;8.97;23/09/2026;14:00;28.6;0;SOLEIL;3;16.9;0
Sartène;41.62;8.97;23/09/2026;15:00;28.6;0;SOLEIL;3;28.4;0
Sartène;41.62;8.97;23/09/2026;16:00;28.6;0;SOLEIL;3;36.0;0
Sartène;41.62;8.97;23/09/2026;17:00;22.9;0;SOLEIL;1;31.7;0
Sartène;41.62;8.97;23/09/2026;18:00;22.9;0;SOLEIL;1;27.4;0
Sartène;41.62;8.97;23/09/2026;19:00;22.9;0;SOLEIL;1;21.6;0
Sartène;41.62;8.97;23/09/2026;20:00;21.1;0;SOLEIL;2;10.1;0
Sartène;41.62;8.97;23/09/2026;21:00;21.1;0;SOLEIL;2;14.8;0
Sartène;41.62;8.97;23/09/2026;22:00;21.1;0;SOLEIL;2;14.0;0
Sartène;41.62;8.97;23/09/2026;23:00;19.6;0;SOLEIL;1;14.8;0
Sartène;41.62;8.97;24/09/2026;00:00;19.6;0;SOLEIL;1;16.6;0
Sartène;41.62;8.97;24/09/2026;01:00;19.6;0;SOLEIL;1;16.9;0
Sartène;41.62;8.97;24/09/2026;02:00;19;0;SOLEIL;1;17.3;0
Sartène;41.62;8.97;24/09/2026;03:00;19;0;SOLEIL;1;17.6;0
Sartène;41.62;8.97;24/09/2026;04:00;19;0;SOLEIL;1;15.8;0
Sartène;41.62;8.97;24/09/2026;05:00;19.6;0;SOLEIL;1;15.5;0
Sartène;41.62;8.97;24/09/2026;06:00;19.6;0;SOLEIL;1;16.9;0
Sartène;41.62;8.97;24/09/2026;07:00;19.6;0;SOLEIL;1;17.6;0
Sartène;41.62;8.97;24/09/2026;08:00;26.4;0;SOLEIL;3;17.3;0
Sartène;41.62;8.97;24/09/2026;09:00;26.4;0;SOLEIL;3;17.6;0
Sartène;41.62;8.97;24/09/2026;10:00;26.4;0;SOLEIL;3;18.4;0
Sartène;41.62;8.97;24/09/2026;11:00;28.1;0;SOLEIL;5;20.2;0
Sartène;41.62;8.97;24/09/2026;12:00;28.1;0;SOLEIL;5;25.2;0
Sartène;41.62;8.97;24/09/2026;13:00;28.1;0;SOLEIL;5;31.7;0
Sartène;41.62;8.97;24/09/2026;14:00;27.6;0;SOLEIL;5;36.0;0
Sartène;41.62;8.97;24/09/2026;15:00;27.6;0;SOLEIL;5;37.1;0
Sartène;41.62;8.97;24/09/2026;16:00;27.6;0;SOLEIL;5;36.0;0
Sartène;41.62;8.97;24/09/2026;17:00;21.2;0;SOLEIL;3;33.5;0
Sartène;41.62;8.97;24/09/2026;18:00;21.2;0;SOLEIL;3;28.4;0
Sartène;41.62;8.97;24/09/2026;19:00;21.2;0;SOLEIL;3;21.6;0
Sartène;41.62;8.97;24/09/2026;20:00;23.0;0;SOLEIL;5;16.2;0
Sartène;41.62;8.97;24/09/2026;21:00;21.8;0;SOLEIL;5;13.0;0
Sartène;41.62;8.97;24/09/2026;22:00;20.6;0;SOLEIL;5;10.8;0
Sartène;41.62;8.97;24/09/2026;23:00;19.5;0;SOLEIL;3;9.7;0
Sartène;41.62;8.97;25/09/2026;00:00;19.5;0;SOLEIL;3;9.7;0
Sartène;41.62;8.97;25/09/2026;01:00;19.5;0;SOLEIL;3;10.4;0
Sartène;41.62;8.97;25/09/2026;02:00;17.9;0;SOLEIL;5;11.9;0
Sartène;41.62;8.97;25/09/2026;03:00;17.9;0;SOLEIL;5;13.7;0
Sartène;41.62;8.97;25/09/2026;04:00;17.9;0;SOLEIL;5;15.8;0
Sartène;41.62;8.97;25/09/2026;05:00;19.1;0;SOLEIL;4;17.6;0
Sartène;41.62;8.97;25/09/2026;06:00;19.1;0;SOLEIL;4;18.4;0
Sartène;41.62;8.97;25/09/2026;07:00;19.1;0;SOLEIL;4;18.4;0
Sartène;41.62;8.97;25/09/2026;08:00;20.2;0;SOLEIL;5;18.7;0
Sartène;41.62;8.97;25/09/2026;09:00;21.3;0;SOLEIL;5;19.8;0
Sartène;41.62;8.97;25/09/2026;10:00;22.4;0;SOLEIL;5;21.2;0
Sartène;41.62;8.97;25/09/2026;11:00;27.6;6;AVERSES;6;23.4;0
Sartène;41.62;8.97;25/09/2026;12:00;27.6;6;AVERSES;6;27.4;0
Sartène;41.62;8.97;25/09/2026;13:00;27.6;6;AVERSES;6;32.0;0
Sartène;41.62;8.97;25/09/2026;14:00;27.0;0;SOLEIL;5;34.9;0
Sartène;41.62;8.97;25/09/2026;15:00;28.1;0;SOLEIL;5;35.3;0
Sartène;41.62;8.97;25/09/2026;16:00;27.0;0;SOLEIL;5;33.8;0
Sartène;41.62;8.97;25/09/2026;17:00;21.6;7;PLUIE FAIBLE;4;31.3;0
Sartène;41.62;8.97;25/09/2026;18:00;21.6;7;PLUIE FAIBLE;4;26.3;0
Sartène;41.62;8.97;25/09/2026;19:00;21.6;7;PLUIE FAIBLE;4;20.2;0
Sartène;41.62;8.97;25/09/2026;20:00;22.4;0;SOLEIL;5;15.5;0
Sartène;41.62;8.97;25/09/2026;21:00;21.3;0;SOLEIL;5;14.0;0
Sartène;41.62;8.97;25/09/2026;22:00;20.2;0;SOLEIL;5;14.4;0
Sartène;41.62;8.97;25/09/2026;23:00;19.1;0;SOLEIL;3;14.8;0
Sartène;41.62;8.97;26/09/2026;00:00;19.1;0;SOLEIL;3;15.9;0
Sartène;41.62;8.97;26/09/2026;01:00;19.1;0;SOLEIL;3;17.1;0
Sartène;41.62;8.97;26/09/2026;02:00;17.4;0;SOLEIL;5;17.9;0
Sartène;41.62;8.97;26/09/2026;03:00;17.4;0;SOLEIL;5;17.6;0
Sartène;41.62;8.97;26/09/2026;04:00;17.4;0;SOLEIL;5;16.9;0
Sartène;41.62;8.97;26/09/2026;05:00;18.6;0;SOLEIL;3;16.6;0
Sartène;41.62;8.97;26/09/2026;06:00;18.6;0;SOLEIL;3;16.9;0
Sartène;41.62;8.97;26/09/2026;07:00;18.6;0;SOLEIL;3;17.3;0
Sartène;41.62;8.97;26/09/2026;08:00;20.0;0;SOLEIL;5;17.6;0
Sartène;41.62;8.97;26/09/2026;09:00;21.3;0;SOLEIL;5;17.6;0
Sartène;41.62;8.97;26/09/2026;10:00;22.6;0;SOLEIL;5;17.3;0
Sartène;41.62;8.97;26/09/2026;11:00;28.6;0;SOLEIL;5;17.6;0
Sartène;41.62;8.97;26/09/2026;12:00;28.6;0;SOLEIL;5;18.7;0
Sartène;41.62;8.97;26/09/2026;13:00;28.6;0;SOLEIL;5;20.2;0
Sartène;41.62;8.97;26/09/2026;14:00;27.7;0;SOLEIL;5;21.2;0
Sartène;41.62;8.97;26/09/2026;15:00;29.0;0;SOLEIL;5;22.3;0
Sartène;41.62;8.97;26/09/2026;16:00;27.7;0;SOLEIL;5;23.4;0
Sartène;41.62;8.97;26/09/2026;17:00;21.9;0;SOLEIL;3;22.7;0
Sartène;41.62;8.97;26/09/2026;18:00;21.9;0;SOLEIL;3;19.4;0
Sartène;41.62;8.97;26/09/2026;19:00;21.9;0;SOLEIL;3;14.4;0
Sartène;41.62;8.97;26/09/2026;20:00;22.6;0;SOLEIL;5;11.2;0
Sartène;41.62;8.97;26/09/2026;21:00;21.3;0;SOLEIL;5;11.2;0
Sartène;41.62;8.97;26/09/2026;22:00;20.0;0;SOLEIL;5;12.6;0
Sartène;41.62;8.97;26/09/2026;23:00;19.4;0;SOLEIL;3;13.7;0
Zévaco;41.89;9.05;22/09/2026;00:00;18.1;5;SOLEIL VOILÉ;1;12.2;0
Zévaco;41.89;9.05;22/09/2026;01:00;18.2;0;SOLEIL;1;11.9;0
Zévaco;41.89;9.05;22/09/2026;02:00;17.9;0;SOLEIL;1;10.1;0
Zévaco;41.89;9.05;22/09/2026;03:00;17.5;0;SOLEIL;1;13.0;0
Zévaco;41.89;9.05;22/09/2026;04:00;17.1;0;SOLEIL;1;11.2;0
Zévaco;41.89;9.05;22/09/2026;05:00;16.7;0;SOLEIL;1;11.2;0
Zévaco;41.89;9.05;22/09/2026;06:00;17.4;0;SOLEIL;1;10.1;0
Zévaco;41.89;9.05;22/09/2026;07:00;22.4;0;SOLEIL;1;11.2;0
Zévaco;41.89;9.05;22/09/2026;08:00;24.5;0;SOLEIL;1;11.5;0
Zévaco;41.89;9.05;22/09/2026;09:00;25.2;0;SOLEIL;2;10.1;0
Zévaco;41.89;9.05;22/09/2026;10:00;27;0;SOLEIL;2;11.9;0
Zévaco;41.89;9.05;22/09/2026;11:00;28;0;SOLEIL;2;14.4;0
Zévaco;41.89;9.05;22/09/2026;12:00;27.5;0;SOLEIL;3;24.5;0
Zévaco;41.89;9.05;22/09/2026;13:00;26.5;0;SOLEIL;3;25.9;0
Zévaco;41.89;9.05;22/09/2026;14:00;26.4;0;SOLEIL;3;25.9;0
Zévaco;41.89;9.05;22/09/2026;15:00;26;0;SOLEIL;3;24.8;0
Zévaco;41.89;9.05;22/09/2026;16:00;24;0;SOLEIL;2;25.9;0
Zévaco;41.89;9.05;22/09/2026;17:00;22.4;0;SOLEIL;2;24.5;0
Zévaco;41.89;9.05;22/09/2026;18:00;20.6;0;SOLEIL;0;20.9;0
Zévaco;41.89;9.05;22/09/2026;19:00;19.4;0;SOLEIL;1;16.2;0
Zévaco;41.89;9.05;22/09/2026;20:00;19.1;0;SOLEIL;1;15.8;0
Zévaco;41.89;9.05;22/09/2026;21:00;19.1;0;SOLEIL;2;20.5;0
Zévaco;41.89;9.05;22/09/2026;22:00;19.5;0;SOLEIL;3;21.2;0
Zévaco;41.89;9.05;22/09/2026;23:00;19.7;0;SOLEIL;3;21.2;0
Zévaco;41.89;9.05;23/09/2026;00:00;19.6;0;SOLEIL;3;24.1;0
Zévaco;41.89;9.05;23/09/2026;01:00;19.6;0;SOLEIL;3;26.3;0
Zévaco;41.89;9.05;23/09/2026;02:00;19.4;0;SOLEIL;3;27.0;0
Zévaco;41.89;9.05;23/09/2026;03:00;19.4;0;SOLEIL;3;26.3;0
Zévaco;41.89;9.05;23/09/2026;04:00;19.4;0;SOLEIL;3;25.6;0
Zévaco;41.89;9.05;23/09/2026;05:00;18;0;SOLEIL;3;25.9;0
Zévaco;41.89;9.05;23/09/2026;06:00;18;0;SOLEIL;3;25.6;0
Zévaco;41.89;9.05;23/09/2026;07:00;18;0;SOLEIL;3;24.8;0
Zévaco;41.89;9.05;23/09/2026;08:00;25;0;SOLEIL;2;23.4;0
Zévaco;41.89;9.05;23/09/2026;09:00;25;0;SOLEIL;2;22.0;0
Zévaco;41.89;9.05;23/09/2026;10:00;25;0;SOLEIL;2;19.8;0
Zévaco;41.89;9.05;23/09/2026;11:00;26.5;0;SOLEIL;3;20.5;0
Zévaco;41.89;9.05;23/09/2026;12:00;26.5;0;SOLEIL;3;39.6;0
Zévaco;41.89;9.05;23/09/2026;13:00;26.5;0;SOLEIL;3;42.5;0
Zévaco;41.89;9.05;23/09/2026;14:00;25.1;0;SOLEIL;3;39.2;0
Zévaco;41.89;9.05;23/09/2026;15:00;25.1;0;SOLEIL;3;40.0;0
Zévaco;41.89;9.05;23/09/2026;16:00;25.1;0;SOLEIL;3;32.8;0
Zévaco;41.89;9.05;23/09/2026;17:00;20;0;SOLEIL;1;30.2;0
Zévaco;41.89;9.05;23/09/2026;18:00;20;0;SOLEIL;1;28.4;0
Zévaco;41.89;9.05;23/09/2026;19:00;20;0;SOLEIL;1;19.8;0
Zévaco;41.89;9.05;23/09/2026;20:00;17.7;0;SOLEIL;2;11.2;0
Zévaco;41.89;9.05;23/09/2026;21:00;17.7;0;SOLEIL;2;12.2;0
Zévaco;41.89;9.05;23/09/2026;22:00;17.7;0;SOLEIL;2;14.8;0
Zévaco;41.89;9.05;23/09/2026;23:00;17.6;0;SOLEIL;2;14.8;0
Zévaco;41.89;9.05;24/09/2026;00:00;17.6;0;SOLEIL;2;14.0;0
Zévaco;41.89;9.05;24/09/2026;01:00;17.6;0;SOLEIL;2;14.4;0
Zévaco;41.89;9.05;24/09/2026;02:00;17.1;0;SOLEIL;1;14.4;0
Zévaco;41.89;9.05;24/09/2026;03:00;17.1;0;SOLEIL;1;14.0;0
Zévaco;41.89;9.05;24/09/2026;04:00;17.1;0;SOLEIL;1;14.0;0
Zévaco;41.89;9.05;24/09/2026;05:00;17.5;0;SOLEIL;2;14.8;0
Zévaco;41.89;9.05;24/09/2026;06:00;17.5;0;SOLEIL;2;14.0;0
Zévaco;41.89;9.05;24/09/2026;07:00;17.5;0;SOLEIL;2;13.3;0
Zévaco;41.89;9.05;24/09/2026;08:00;23.9;0;SOLEIL;2;13.3;0
Zévaco;41.89;9.05;24/09/2026;09:00;23.9;0;SOLEIL;2;14.4;0
Zévaco;41.89;9.05;24/09/2026;10:00;23.9;0;SOLEIL;2;15.8;0
Zévaco;41.89;9.05;24/09/2026;11:00;26;0;SOLEIL;4;19.1;0
Zévaco;41.89;9.05;24/09/2026;12:00;26;0;SOLEIL;4;25.2;0
Zévaco;41.89;9.05;24/09/2026;13:00;26;0;SOLEIL;4;32.8;0
Zévaco;41.89;9.05;24/09/2026;14:00;23.7;0;SOLEIL;3;37.4;0
Zévaco;41.89;9.05;24/09/2026;15:00;23.7;0;SOLEIL;3;37.1;0
Zévaco;41.89;9.05;24/09/2026;16:00;23.7;0;SOLEIL;3;34.2;0
Zévaco;41.89;9.05;24/09/2026;17:00;18.5;0;SOLEIL;1;29.9;0
Zévaco;41.89;9.05;24/09/2026;18:00;18.5;0;SOLEIL;1;23.8;0
Zévaco;41.89;9.05;24/09/2026;19:00;18.5;0;SOLEIL;1;16.2;0
Zévaco;41.89;9.05;24/09/2026;20:00;21.0;0;SOLEIL;5;11.2;0
Zévaco;41.89;9.05;24/09/2026;21:00;19.9;0;SOLEIL;5;11.2;0
Zévaco;41.89;9.05;24/09/2026;22:00;18.7;0;SOLEIL;5;14.0;0
Zévaco;41.89;9.05;24/09/2026;23:00;15.1;0;SOLEIL;1;15.8;0
Zévaco;41.89;9.05;25/09/2026;00:00;15.1;0;SOLEIL;1;15.5;0
Zévaco;41.89;9.05;25/09/2026;01:00;15.1;0;SOLEIL;1;14.0;0
Zévaco;41.89;9.05;25/09/2026;02:00;14.1;7;PLUIE FAIBLE;5;13.3;0
Zévaco;41.89;9.05;25/09/2026;03:00;14.1;7;PLUIE FAIBLE;5;13.7;0
Zévaco;41.89;9.05;25/09/2026;04:00;14.1;7;PLUIE FAIBLE;5;14.8;0
Zévaco;41.89;9.05;25/09/2026;05:00;16.1;0;SOLEIL;2;15.5;0
Zévaco;41.89;9.05;25/09/2026;06:00;16.1;0;SOLEIL;2;15.8;0
Zévaco;41.89;9.05;25/09/2026;07:00;16.1;0;SOLEIL;2;16.2;0
Zévaco;41.89;9.05;25/09/2026;08:00;16.4;7;PLUIE FAIBLE;5;15.8;0
Zévaco;41.89;9.05;25/09/2026;09:00;17.6;7;PLUIE FAIBLE;5;14.0;0
Zévaco;41.89;9.05;25/09/2026;10:00;18.7;7;PLUIE FAIBLE;5;12.2;0
Zévaco;41.89;9.05;25/09/2026;11:00;23.7;7;PLUIE FAIBLE;3;13.0;0
Zévaco;41.89;9.05;25/09/2026;12:00;23.7;7;PLUIE FAIBLE;3;19.4;0
Zévaco;41.89;9.05;25/09/2026;13:00;23.7;7;PLUIE FAIBLE;3;28.4;0
Zévaco;41.89;9.05;25/09/2026;14:00;23.3;7;PLUIE FAIBLE;5;35.3;0
Zévaco;41.89;9.05;25/09/2026;15:00;24.5;7;PLUIE FAIBLE;5;37.8;0
Zévaco;41.89;9.05;25/09/2026;16:00;23.3;7;PLUIE FAIBLE;5;37.4;0
Zévaco;41.89;9.05;25/09/2026;17:00;18.1;7;PLUIE FAIBLE;2;34.6;0
Zévaco;41.89;9.05;25/09/2026;18:00;18.1;7;PLUIE FAIBLE;2;26.6;0
Zévaco;41.89;9.05;25/09/2026;19:00;18.1;7;PLUIE FAIBLE;2;16.2;0
Zévaco;41.89;9.05;25/09/2026;20:00;18.7;7;PLUIE FAIBLE;5;9.0;0
Zévaco;41.89;9.05;25/09/2026;21:00;17.6;7;PLUIE FAIBLE;5;9.0;0
Zévaco;41.89;9.05;25/09/2026;22:00;16.4;7;PLUIE FAIBLE;5;12.6;0
Zévaco;41.89;9.05;25/09/2026;23:00;15.9;0;SOLEIL;3;15.1;0
Zévaco;41.89;9.05;26/09/2026;00:00;15.9;0;SOLEIL;3;15.6;0
Zévaco;41.89;9.05;26/09/2026;01:00;15.9;0;SOLEIL;3;15.8;0
Zévaco;41.89;9.05;26/09/2026;02:00;14.5;0;SOLEIL;5;16.2;0
Zévaco;41.89;9.05;26/09/2026;03:00;14.5;0;SOLEIL;5;18.0;0
Zévaco;41.89;9.05;26/09/2026;04:00;14.5;0;SOLEIL;5;19.1;0
Zévaco;41.89;9.05;26/09/2026;05:00;16;0;SOLEIL;2;20.2;0
Zévaco;41.89;9.05;26/09/2026;06:00;16;0;SOLEIL;2;20.2;0
Zévaco;41.89;9.05;26/09/2026;07:00;16;0;SOLEIL;2;20.2;0
Zévaco;41.89;9.05;26/09/2026;08:00;17.0;0;SOLEIL;5;20.2;0
Zévaco;41.89;9.05;26/09/2026;09:00;18.2;0;SOLEIL;5;20.5;0
Zévaco;41.89;9.05;26/09/2026;10:00;19.4;0;SOLEIL;5;21.2;0
Zévaco;41.89;9.05;26/09/2026;11:00;25;0;SOLEIL;2;22.7;0
Zévaco;41.89;9.05;26/09/2026;12:00;25;0;SOLEIL;2;25.6;0
Zévaco;41.89;9.05;26/09/2026;13:00;25;0;SOLEIL;2;29.5;0
Zévaco;41.89;9.05;26/09/2026;14:00;24.4;0;SOLEIL;5;32.0;0
Zévaco;41.89;9.05;26/09/2026;15:00;25.6;0;SOLEIL;5;33.1;0
Zévaco;41.89;9.05;26/09/2026;16:00;24.4;0;SOLEIL;5;33.5;0
Zévaco;41.89;9.05;26/09/2026;17:00;18.6;0;SOLEIL;1;31.7;0
Zévaco;41.89;9.05;26/09/2026;18:00;18.6;0;SOLEIL;1;26.3;0
Zévaco;41.89;9.05;26/09/2026;19:00;18.6;0;SOLEIL;1;19.1;0
Zévaco;41.89;9.05;26/09/2026;20:00;19.4;0;SOLEIL;5;14.0;0
Zévaco;41.89;9.05;26/09/2026;21:00;18.2;0;SOLEIL;5;13.3;0
Zévaco;41.89;9.05;26/09/2026;22:00;17.0;0;SOLEIL;5;14.8;0
Zévaco;41.89;9.05;26/09/2026;23:00;16.1;0;SOLEIL;2;15.5;0
Bastia;42.69;9.45;22/09/2026;00:00;24.4;0;SOLEIL;2;16.2;0
Bastia;42.69;9.45;22/09/2026;01:00;24.1;0;SOLEIL;1;16.2;0
Bastia;42.69;9.45;22/09/2026;02:00;23.9;0;SOLEIL;2;16.2;0
Bastia;42.69;9.45;22/09/2026;03:00;23.9;0;SOLEIL;2;17.3;0
Bastia;42.69;9.45;22/09/2026;04:00;23.6;0;SOLEIL;2;17.6;0
Bastia;42.69;9.45;22/09/2026;05:00;23.6;0;SOLEIL;2;17.3;0
Bastia;42.69;9.45;22/09/2026;06:00;24;0;SOLEIL;1;16.6;0
Bastia;42.69;9.45;22/09/2026;07:00;25.4;0;SOLEIL;0;16.2;0
Bastia;42.69;9.45;22/09/2026;08:00;27.6;0;SOLEIL;3;16.2;0
Bastia;42.69;9.45;22/09/2026;09:00;28.5;0;SOLEIL;4;14.8;0
Bastia;42.69;9.45;22/09/2026;10:00;28.7;0;SOLEIL;4;8.3;0
Bastia;42.69;9.45;22/09/2026;11:00;29.4;0;SOLEIL;4;14.4;0
Bastia;42.69;9.45;22/09/2026;12:00;28.9;0;SOLEIL;4;23.4;0
Bastia;42.69;9.45;22/09/2026;13:00;28.6;0;SOLEIL;4;24.8;0
Bastia;42.69;9.45;22/09/2026;14:00;29;0;SOLEIL;4;25.9;0
Bastia;42.69;9.45;22/09/2026;15:00;28.6;0;SOLEIL;3;25.9;0
Bastia;42.69;9.45;22/09/2026;16:00;27.9;0;SOLEIL;3;23.8;0
Bastia;42.69;9.45;22/09/2026;17:00;26.6;0;SOLEIL;2;18.7;0
Bastia;42.69;9.45;22/09/2026;18:00;25.2;0;SOLEIL;2;16.2;0
Bastia;42.69;9.45;22/09/2026;19:00;24.5;0;SOLEIL;2;10.4;0
Bastia;42.69;9.45;22/09/2026;20:00;24.6;0;SOLEIL;3;6.1;0
Bastia;42.69;9.45;22/09/2026;21:00;25;0;SOLEIL;5;5.4;0
Bastia;42.69;9.45;22/09/2026;22:00;25.1;0;SOLEIL;7;6.5;0
Bastia;42.69;9.45;22/09/2026;23:00;25.4;0;SOLEIL;7;15.1;0
Bastia;42.69;9.45;23/09/2026;00:00;25.1;0;SOLEIL;7;23.0;0
Bastia;42.69;9.45;23/09/2026;01:00;25.1;0;SOLEIL;7;17.6;0
Bastia;42.69;9.45;23/09/2026;02:00;24.1;0;SOLEIL;4;11.9;0
Bastia;42.69;9.45;23/09/2026;03:00;24.1;0;SOLEIL;4;9.4;0
Bastia;42.69;9.45;23/09/2026;04:00;24.1;0;SOLEIL;4;10.1;0
Bastia;42.69;9.45;23/09/2026;05:00;24.1;0;SOLEIL;3;10.8;0
Bastia;42.69;9.45;23/09/2026;06:00;24.1;0;SOLEIL;3;11.2;0
Bastia;42.69;9.45;23/09/2026;07:00;24.1;0;SOLEIL;3;11.2;0
Bastia;42.69;9.45;23/09/2026;08:00;27.2;0;SOLEIL;4;10.1;0
Bastia;42.69;9.45;23/09/2026;09:00;27.2;0;SOLEIL;4;13.0;0
Bastia;42.69;9.45;23/09/2026;10:00;27.2;0;SOLEIL;4;18.7;0
Bastia;42.69;9.45;23/09/2026;11:00;26.6;0;SOLEIL;4;23.0;0
Bastia;42.69;9.45;23/09/2026;12:00;26.6;0;SOLEIL;4;32.4;0
Bastia;42.69;9.45;23/09/2026;13:00;26.6;0;SOLEIL;4;34.2;0
Bastia;42.69;9.45;23/09/2026;14:00;27;0;SOLEIL;3;34.2;0
Bastia;42.69;9.45;23/09/2026;15:00;27;0;SOLEIL;3;28.1;0
Bastia;42.69;9.45;23/09/2026;16:00;27;0;SOLEIL;3;27.4;0
Bastia;42.69;9.45;23/09/2026;17:00;24.6;0;SOLEIL;3;22.3;0
Bastia;42.69;9.45;23/09/2026;18:00;24.6;0;SOLEIL;3;20.5;0
Bastia;42.69;9.45;23/09/2026;19:00;24.6;0;SOLEIL;3;17.3;0
Bastia;42.69;9.45;23/09/2026;20:00;23.2;0;SOLEIL;2;12.6;0
Bastia;42.69;9.45;23/09/2026;21:00;23.2;0;SOLEIL;2;9.0;0
Bastia;42.69;9.45;23/09/2026;22:00;23.2;0;SOLEIL;2;11.5;0
Bastia;42.69;9.45;23/09/2026;23:00;22.6;0;SOLEIL;2;14.0;0
Bastia;42.69;9.45;24/09/2026;00:00;22.6;0;SOLEIL;2;15.1;0
Bastia;42.69;9.45;24/09/2026;01:00;22.6;0;SOLEIL;2;17.3;0
Bastia;42.69;9.45;24/09/2026;02:00;22.5;0;SOLEIL;2;18.0;0
Bastia;42.69;9.45;24/09/2026;03:00;22.5;0;SOLEIL;2;19.1;0
Bastia;42.69;9.45;24/09/2026;04:00;22.5;0;SOLEIL;2;18.7;0
Bastia;42.69;9.45;24/09/2026;05:00;23.1;0;SOLEIL;2;18.0;0
Bastia;42.69;9.45;24/09/2026;06:00;23.1;0;SOLEIL;2;17.6;0
Bastia;42.69;9.45;24/09/2026;07:00;23.1;0;SOLEIL;2;18.0;0
Bastia;42.69;9.45;24/09/2026;08:00;27.4;0;SOLEIL;2;18.0;0
Bastia;42.69;9.45;24/09/2026;09:00;27.4;0;SOLEIL;2;16.6;0
Bastia;42.69;9.45;24/09/2026;10:00;27.4;0;SOLEIL;2;14.8;0
Bastia;42.69;9.45;24/09/2026;11:00;26.9;0;SOLEIL;3;14.8;0
Bastia;42.69;9.45;24/09/2026;12:00;26.9;0;SOLEIL;3;19.1;0
Bastia;42.69;9.45;24/09/2026;13:00;26.9;0;SOLEIL;3;24.8;0
Bastia;42.69;9.45;24/09/2026;14:00;27;0;SOLEIL;3;27.7;0
Bastia;42.69;9.45;24/09/2026;15:00;27;0;SOLEIL;3;24.1;0
Bastia;42.69;9.45;24/09/2026;16:00;27;0;SOLEIL;3;17.3;0
Bastia;42.69;9.45;24/09/2026;17:00;24.2;0;SOLEIL;2;11.5;0
Bastia;42.69;9.45;24/09/2026;18:00;24.2;0;SOLEIL;2;8.3;0
Bastia;42.69;9.45;24/09/2026;19:00;24.2;0;SOLEIL;2;5.8;0
Bastia;42.69;9.45;24/09/2026;20:00;24.0;0;SOLEIL;5;5.0;0
Bastia;42.69;9.45;24/09/2026;21:00;23.2;0;SOLEIL;5;6.8;0
Bastia;42.69;9.45;24/09/2026;22:00;22.3;0;SOLEIL;5;10.4;0
Bastia;42.69;9.45;24/09/2026;23:00;22.6;0;SOLEIL;3;13.0;0
Bastia;42.69;9.45;25/09/2026;00:00;22.6;0;SOLEIL;3;13.3;0
Bastia;42.69;9.45;25/09/2026;01:00;22.6;0;SOLEIL;3;13.0;0
Bastia;42.69;9.45;25/09/2026;02:00;19.6;0;SOLEIL;5;12.6;0
Bastia;42.69;9.45;25/09/2026;03:00;19.6;0;SOLEIL;5;13.0;0
Bastia;42.69;9.45;25/09/2026;04:00;19.6;0;SOLEIL;5;14.0;0
Bastia;42.69;9.45;25/09/2026;05:00;20.6;6;AVERSES;4;14.0;0
Bastia;42.69;9.45;25/09/2026;06:00;20.6;6;AVERSES;4;12.6;0
Bastia;42.69;9.45;25/09/2026;07:00;20.6;6;AVERSES;4;10.8;0
Bastia;42.69;9.45;25/09/2026;08:00;20.9;0;SOLEIL;5;10.4;0
Bastia;42.69;9.45;25/09/2026;09:00;21.6;0;SOLEIL;5;13.7;0
Bastia;42.69;9.45;25/09/2026;10:00;22.2;0;SOLEIL;5;18.4;0
Bastia;42.69;9.45;25/09/2026;11:00;25.1;7;PLUIE FAIBLE;5;22.3;0
Bastia;42.69;9.45;25/09/2026;12:00;25.1;7;PLUIE FAIBLE;5;24.5;0
Bastia;42.69;9.45;25/09/2026;13:00;25.1;7;PLUIE FAIBLE;5;25.6;0
Bastia;42.69;9.45;25/09/2026;14:00;24.8;0;SOLEIL;5;25.6;0
Bastia;42.69;9.45;25/09/2026;15:00;25.5;0;SOLEIL;5;24.5;0
Bastia;42.69;9.45;25/09/2026;16:00;24.8;0;SOLEIL;5;22.0;0
Bastia;42.69;9.45;25/09/2026;17:00;22.2;0;SOLEIL;5;19.1;0
Bastia;42.69;9.45;25/09/2026;18:00;22.2;0;SOLEIL;5;14.8;0
Bastia;42.69;9.45;25/09/2026;19:00;22.2;0;SOLEIL;5;10.1;0
Bastia;42.69;9.45;25/09/2026;20:00;22.2;0;SOLEIL;5;7.2;0
Bastia;42.69;9.45;25/09/2026;21:00;21.6;0;SOLEIL;5;7.9;0
Bastia;42.69;9.45;25/09/2026;22:00;20.9;0;SOLEIL;5;10.8;0
Bastia;42.69;9.45;25/09/2026;23:00;20.9;0;SOLEIL;4;13.0;0
Bastia;42.69;9.45;26/09/2026;00:00;20.9;0;SOLEIL;4;14.4;0
Bastia;42.69;9.45;26/09/2026;01:00;20.9;0;SOLEIL;4;14.9;0
Bastia;42.69;9.45;26/09/2026;02:00;19.1;0;SOLEIL;5;14.9;0
Bastia;42.69;9.45;26/09/2026;03:00;19.1;0;SOLEIL;5;14.8;0
Bastia;42.69;9.45;26/09/2026;04:00;19.1;0;SOLEIL;5;15.1;0
Bastia;42.69;9.45;26/09/2026;05:00;20.4;0;SOLEIL;5;15.1;0
Bastia;42.69;9.45;26/09/2026;06:00;20.4;0;SOLEIL;5;14.8;0
Bastia;42.69;9.45;26/09/2026;07:00;20.4;0;SOLEIL;5;14.0;0
Bastia;42.69;9.45;26/09/2026;08:00;20.6;0;SOLEIL;5;13.7;0
Bastia;42.69;9.45;26/09/2026;09:00;21.4;0;SOLEIL;5;14.0;0
Bastia;42.69;9.45;26/09/2026;10:00;22.2;0;SOLEIL;5;14.8;0
Bastia;42.69;9.45;26/09/2026;11:00;25.1;0;SOLEIL;4;15.5;0
Bastia;42.69;9.45;26/09/2026;12:00;25.1;0;SOLEIL;4;16.2;0
Bastia;42.69;9.45;26/09/2026;13:00;25.1;0;SOLEIL;4;16.9;0
Bastia;42.69;9.45;26/09/2026;14:00;25.2;0;SOLEIL;5;16.9;0
Bastia;42.69;9.45;26/09/2026;15:00;26.0;0;SOLEIL;5;16.2;0
Bastia;42.69;9.45;26/09/2026;16:00;25.2;0;SOLEIL;5;15.1;0
Bastia;42.69;9.45;26/09/2026;17:00;22.1;0;SOLEIL;3;14.0;0
Bastia;42.69;9.45;26/09/2026;18:00;22.1;0;SOLEIL;3;13.3;0
Bastia;42.69;9.45;26/09/2026;19:00;22.1;0;SOLEIL;3;13.0;0
Bastia;42.69;9.45;26/09/2026;20:00;22.2;0;SOLEIL;5;12.2;0
Bastia;42.69;9.45;26/09/2026;21:00;21.4;0;SOLEIL;5;11.2;0
Bastia;42.69;9.45;26/09/2026;22:00;20.6;0;SOLEIL;5;10.1;0
Bastia;42.69;9.45;26/09/2026;23:00;20.6;0;SOLEIL;2;9.4;0
Calvi;42.56;8.75;22/09/2026;00:00;21;5;SOLEIL VOILÉ;1;9.7;0
Calvi;42.56;8.75;22/09/2026;01:00;20.2;0;SOLEIL;1;9.4;0
Calvi;42.56;8.75;22/09/2026;02:00;20.2;0;SOLEIL;1;9.0;0
Calvi;42.56;8.75;22/09/2026;03:00;19.5;0;SOLEIL;1;7.9;0
Calvi;42.56;8.75;22/09/2026;04:00;19.5;0;SOLEIL;1;7.2;0
Calvi;42.56;8.75;22/09/2026;05:00;19.6;0;SOLEIL;1;6.8;0
Calvi;42.56;8.75;22/09/2026;06:00;20.9;0;SOLEIL;1;5.8;0
Calvi;42.56;8.75;22/09/2026;07:00;24.6;0;SOLEIL;2;5.4;0
Calvi;42.56;8.75;22/09/2026;08:00;26.1;0;SOLEIL;2;5.4;0
Calvi;42.56;8.75;22/09/2026;09:00;25.6;0;SOLEIL;4;4.3;0
Calvi;42.56;8.75;22/09/2026;10:00;25.4;0;SOLEIL;4;13.0;0
Calvi;42.56;8.75;22/09/2026;11:00;26.1;0;SOLEIL;4;16.2;0
Calvi;42.56;8.75;22/09/2026;12:00;27.2;0;SOLEIL;4;18.7;0
Calvi;42.56;8.75;22/09/2026;13:00;27.1;0;SOLEIL;5;24.5;0
Calvi;42.56;8.75;22/09/2026;14:00;26.9;0;SOLEIL;5;27.4;0
Calvi;42.56;8.75;22/09/2026;15:00;27.1;0;SOLEIL;5;31.7;0
Calvi;42.56;8.75;22/09/2026;16:00;27.6;0;SOLEIL;5;32.8;0
Calvi;42.56;8.75;22/09/2026;17:00;26.9;0;SOLEIL;4;34.9;0
Calvi;42.56;8.75;22/09/2026;18:00;25.5;0;SOLEIL;3;33.5;0
Calvi;42.56;8.75;22/09/2026;19:00;24.1;0;SOLEIL;6;25.9;0
Calvi;42.56;8.75;22/09/2026;20:00;23;0;SOLEIL;7;18.7;0
Calvi;42.56;8.75;22/09/2026;21:00;22.1;0;SOLEIL;2;9.7;0
Calvi;42.56;8.75;22/09/2026;22:00;21.6;0;SOLEIL;2;10.4;0
Calvi;42.56;8.75;22/09/2026;23:00;21.4;0;SOLEIL;2;11.2;0
Calvi;42.56;8.75;23/09/2026;00:00;21;0;SOLEIL;2;10.8;0
Calvi;42.56;8.75;23/09/2026;01:00;21;0;SOLEIL;2;13.0;0
Calvi;42.56;8.75;23/09/2026;02:00;20.9;0;SOLEIL;2;13.0;0
Calvi;42.56;8.75;23/09/2026;03:00;20.9;0;SOLEIL;2;11.9;0
Calvi;42.56;8.75;23/09/2026;04:00;20.9;0;SOLEIL;2;11.5;0
Calvi;42.56;8.75;23/09/2026;05:00;21.4;0;SOLEIL;1;11.5;0
Calvi;42.56;8.75;23/09/2026;06:00;21.4;0;SOLEIL;1;11.2;0
Calvi;42.56;8.75;23/09/2026;07:00;21.4;0;SOLEIL;1;11.5;0
Calvi;42.56;8.75;23/09/2026;08:00;26.9;0;SOLEIL;2;11.9;0
Calvi;42.56;8.75;23/09/2026;09:00;26.9;0;SOLEIL;2;10.8;0
Calvi;42.56;8.75;23/09/2026;10:00;26.9;0;SOLEIL;2;9.0;0
Calvi;42.56;8.75;23/09/2026;11:00;27.2;0;SOLEIL;4;18.0;0
Calvi;42.56;8.75;23/09/2026;12:00;27.2;0;SOLEIL;4;20.2;0
Calvi;42.56;8.75;23/09/2026;13:00;27.2;0;SOLEIL;4;16.6;0
Calvi;42.56;8.75;23/09/2026;14:00;27;0;SOLEIL;4;15.8;0
Calvi;42.56;8.75;23/09/2026;15:00;27;0;SOLEIL;4;21.2;0
Calvi;42.56;8.75;23/09/2026;16:00;27;0;SOLEIL;4;21.6;0
Calvi;42.56;8.75;23/09/2026;17:00;24.1;0;SOLEIL;3;18.4;0
Calvi;42.56;8.75;23/09/2026;18:00;24.1;0;SOLEIL;3;19.1;0
Calvi;42.56;8.75;23/09/2026;19:00;24.1;0;SOLEIL;3;13.0;0
Calvi;42.56;8.75;23/09/2026;20:00;21.2;0;SOLEIL;3;4.0;0
Calvi;42.56;8.75;23/09/2026;21:00;21.2;0;SOLEIL;3;7.6;0
Calvi;42.56;8.75;23/09/2026;22:00;21.2;0;SOLEIL;3;9.4;0
Calvi;42.56;8.75;23/09/2026;23:00;20.4;0;SOLEIL;4;9.7;0
Calvi;42.56;8.75;24/09/2026;00:00;20.4;0;SOLEIL;4;9.7;0
Calvi;42.56;8.75;24/09/2026;01:00;20.4;0;SOLEIL;4;9.7;0
Calvi;42.56;8.75;24/09/2026;02:00;20.2;0;SOLEIL;4;10.4;0
Calvi;42.56;8.75;24/09/2026;03:00;20.2;0;SOLEIL;4;9.7;0
Calvi;42.56;8.75;24/09/2026;04:00;20.2;0;SOLEIL;4;8.6;0
Calvi;42.56;8.75;24/09/2026;05:00;21.1;0;SOLEIL;6;9.0;0
Calvi;42.56;8.75;24/09/2026;06:00;21.1;0;SOLEIL;6;10.4;0
Calvi;42.56;8.75;24/09/2026;07:00;21.1;0;SOLEIL;6;11.5;0
Calvi;42.56;8.75;24/09/2026;08:00;27.1;0;SOLEIL;6;11.9;0
Calvi;42.56;8.75;24/09/2026;09:00;27.1;0;SOLEIL;6;11.5;0
Calvi;42.56;8.75;24/09/2026;10:00;27.1;0;SOLEIL;6;11.2;0
Calvi;42.56;8.75;24/09/2026;11:00;27.4;0;SOLEIL;7;12.6;0
Calvi;42.56;8.75;24/09/2026;12:00;27.4;0;SOLEIL;7;18.4;0
Calvi;42.56;8.75;24/09/2026;13:00;27.4;0;SOLEIL;7;25.9;0
Calvi;42.56;8.75;24/09/2026;14:00;26.7;0;SOLEIL;8;32.0;0
Calvi;42.56;8.75;24/09/2026;15:00;26.7;0;SOLEIL;8;35.6;0
Calvi;42.56;8.75;24/09/2026;16:00;26.7;0;SOLEIL;8;37.8;0
Calvi;42.56;8.75;24/09/2026;17:00;24.2;0;SOLEIL;6;38.2;0
Calvi;42.56;8.75;24/09/2026;18:00;24.2;0;SOLEIL;6;35.6;0
Calvi;42.56;8.75;24/09/2026;19:00;24.2;0;SOLEIL;6;31.0;0
Calvi;42.56;8.75;24/09/2026;20:00;23.3;0;SOLEIL;5;26.3;0
Calvi;42.56;8.75;24/09/2026;21:00;22.4;0;SOLEIL;5;21.6;0
Calvi;42.56;8.75;24/09/2026;22:00;21.5;0;SOLEIL;5;17.3;0
Calvi;42.56;8.75;24/09/2026;23:00;22.6;0;SOLEIL;5;14.0;0
Calvi;42.56;8.75;25/09/2026;00:00;22.6;0;SOLEIL;5;13.7;0
Calvi;42.56;8.75;25/09/2026;01:00;22.6;0;SOLEIL;5;14.8;0
Calvi;42.56;8.75;25/09/2026;02:00;19.1;0;SOLEIL;5;15.1;0
Calvi;42.56;8.75;25/09/2026;03:00;19.1;0;SOLEIL;5;13.3;0
Calvi;42.56;8.75;25/09/2026;04:00;19.1;0;SOLEIL;5;10.4;0
Calvi;42.56;8.75;25/09/2026;05:00;20.6;0;SOLEIL;5;8.3;0
Calvi;42.56;8.75;25/09/2026;06:00;20.6;0;SOLEIL;5;7.6;0
Calvi;42.56;8.75;25/09/2026;07:00;20.6;0;SOLEIL;5;7.6;0
Calvi;42.56;8.75;25/09/2026;08:00;20.6;0;SOLEIL;5;8.6;0
Calvi;42.56;8.75;25/09/2026;09:00;21.3;0;SOLEIL;5;11.5;0
Calvi;42.56;8.75;25/09/2026;10:00;22.0;0;SOLEIL;5;15.5;0
Calvi;42.56;8.75;25/09/2026;11:00;24.9;0;SOLEIL;8;19.4;0
Calvi;42.56;8.75;25/09/2026;12:00;24.9;0;SOLEIL;8;23.0;0
Calvi;42.56;8.75;25/09/2026;13:00;24.9;0;SOLEIL;8;26.6;0
Calvi;42.56;8.75;25/09/2026;14:00;25.0;0;SOLEIL;5;28.4;0
Calvi;42.56;8.75;25/09/2026;15:00;25.7;0;SOLEIL;5;28.4;0
Calvi;42.56;8.75;25/09/2026;16:00;25.0;0;SOLEIL;5;27.0;0
Calvi;42.56;8.75;25/09/2026;17:00;22.1;0;SOLEIL;5;24.5;0
Calvi;42.56;8.75;25/09/2026;18:00;22.1;0;SOLEIL;5;19.4;0
Calvi;42.56;8.75;25/09/2026;19:00;22.1;0;SOLEIL;5;13.3;0
Calvi;42.56;8.75;25/09/2026;20:00;22.0;0;SOLEIL;5;9.0;0
Calvi;42.56;8.75;25/09/2026;21:00;21.3;0;SOLEIL;5;7.9;0
Calvi;42.56;8.75;25/09/2026;22:00;20.6;0;SOLEIL;5;8.6;0
Calvi;42.56;8.75;25/09/2026;23:00;19.6;0;SOLEIL;5;9.4;0
Calvi;42.56;8.75;26/09/2026;00:00;19.6;0;SOLEIL;5;10.6;0
Calvi;42.56;8.75;26/09/2026;01:00;19.6;0;SOLEIL;5;11.7;0
Calvi;42.56;8.75;26/09/2026;02:00;18.1;0;SOLEIL;5;12.6;0
Calvi;42.56;8.75;26/09/2026;03:00;18.1;0;SOLEIL;5;13.3;0
Calvi;42.56;8.75;26/09/2026;04:00;18.1;0;SOLEIL;5;13.0;0
Calvi;42.56;8.75;26/09/2026;05:00;19.6;0;SOLEIL;5;13.0;0
Calvi;42.56;8.75;26/09/2026;06:00;19.6;0;SOLEIL;5;13.0;0
Calvi;42.56;8.75;26/09/2026;07:00;19.6;0;SOLEIL;5;13.0;0
Calvi;42.56;8.75;26/09/2026;08:00;19.9;0;SOLEIL;5;13.7;0
Calvi;42.56;8.75;26/09/2026;09:00;20.8;0;SOLEIL;5;15.5;0
Calvi;42.56;8.75;26/09/2026;10:00;21.7;0;SOLEIL;5;18.0;0
Calvi;42.56;8.75;26/09/2026;11:00;25.4;0;SOLEIL;8;20.5;0
Calvi;42.56;8.75;26/09/2026;12:00;25.4;0;SOLEIL;8;23.0;0
Calvi;42.56;8.75;26/09/2026;13:00;25.4;0;SOLEIL;8;25.2;0
Calvi;42.56;8.75;26/09/2026;14:00;25.3;0;SOLEIL;5;26.6;0
Calvi;42.56;8.75;26/09/2026;15:00;26.2;0;SOLEIL;5;27.4;0
Calvi;42.56;8.75;26/09/2026;16:00;25.3;0;SOLEIL;5;27.4;0
Calvi;42.56;8.75;26/09/2026;17:00;22.7;0;SOLEIL;3;25.6;0
Calvi;42.56;8.75;26/09/2026;18:00;22.7;0;SOLEIL;3;20.2;0
Calvi;42.56;8.75;26/09/2026;19:00;22.7;0;SOLEIL;3;12.6;0
Calvi;42.56;8.75;26/09/2026;20:00;21.7;0;SOLEIL;5;7.6;0
Calvi;42.56;8.75;26/09/2026;21:00;20.8;0;SOLEIL;5;7.2;0
Calvi;42.56;8.75;26/09/2026;22:00;19.9;0;SOLEIL;5;9.7;0
Calvi;42.56;8.75;26/09/2026;23:00;19.2;0;SOLEIL;0;11.5;0
Cervione;42.33;9.49;22/09/2026;00:00;19.9;5;SOLEIL VOILÉ;2;16.6;0
Cervione;42.33;9.49;22/09/2026;01:00;19.6;0;SOLEIL;2;16.6;0
Cervione;42.33;9.49;22/09/2026;02:00;19.2;0;SOLEIL;2;16.6;0
Cervione;42.33;9.49;22/09/2026;03:00;19.2;0;SOLEIL;2;17.3;0
Cervione;42.33;9.49;22/09/2026;04:00;18.7;0;SOLEIL;2;17.3;0
Cervione;42.33;9.49;22/09/2026;05:00;18.6;0;SOLEIL;2;18.0;0
Cervione;42.33;9.49;22/09/2026;06:00;19.5;0;SOLEIL;2;18.0;0
Cervione;42.33;9.49;22/09/2026;07:00;21.6;0;SOLEIL;2;19.8;0
Cervione;42.33;9.49;22/09/2026;08:00;24.2;0;SOLEIL;1;20.5;0
Cervione;42.33;9.49;22/09/2026;09:00;27.2;0;SOLEIL;3;19.1;0
Cervione;42.33;9.49;22/09/2026;10:00;27.7;0;SOLEIL;3;20.5;0
Cervione;42.33;9.49;22/09/2026;11:00;27.2;0;SOLEIL;4;22.7;0
Cervione;42.33;9.49;22/09/2026;12:00;27.4;0;SOLEIL;4;27.0;0
Cervione;42.33;9.49;22/09/2026;13:00;27.1;0;SOLEIL;4;30.6;0
Cervione;42.33;9.49;22/09/2026;14:00;26.7;0;SOLEIL;3;32.8;0
Cervione;42.33;9.49;22/09/2026;15:00;25.9;0;SOLEIL;3;33.8;0
Cervione;42.33;9.49;22/09/2026;16:00;25;0;SOLEIL;2;33.1;0
Cervione;42.33;9.49;22/09/2026;17:00;23.4;0;SOLEIL;1;28.1;0
Cervione;42.33;9.49;22/09/2026;18:00;21.6;0;SOLEIL;2;23.8;0
Cervione;42.33;9.49;22/09/2026;19:00;20.7;0;SOLEIL;2;16.2;0
Cervione;42.33;9.49;22/09/2026;20:00;20.6;0;SOLEIL;2;17.6;0
Cervione;42.33;9.49;22/09/2026;21:00;21.1;0;SOLEIL;2;20.9;0
Cervione;42.33;9.49;22/09/2026;22:00;21.1;0;SOLEIL;2;21.2;0
Cervione;42.33;9.49;22/09/2026;23:00;21;0;SOLEIL;2;17.3;0
Cervione;42.33;9.49;23/09/2026;00:00;20.4;0;SOLEIL;2;15.1;0
Cervione;42.33;9.49;23/09/2026;01:00;20.4;0;SOLEIL;2;12.6;0
Cervione;42.33;9.49;23/09/2026;02:00;18.6;0;SOLEIL;2;8.3;0
Cervione;42.33;9.49;23/09/2026;03:00;18.6;0;SOLEIL;2;7.6;0
Cervione;42.33;9.49;23/09/2026;04:00;18.6;0;SOLEIL;2;7.6;0
Cervione;42.33;9.49;23/09/2026;05:00;19.2;0;SOLEIL;3;7.2;0
Cervione;42.33;9.49;23/09/2026;06:00;19.2;0;SOLEIL;3;6.8;0
Cervione;42.33;9.49;23/09/2026;07:00;19.2;0;SOLEIL;3;4.7;0
Cervione;42.33;9.49;23/09/2026;08:00;25.1;0;SOLEIL;2;5.0;0
Cervione;42.33;9.49;23/09/2026;09:00;25.1;0;SOLEIL;2;6.8;0
Cervione;42.33;9.49;23/09/2026;10:00;25.1;0;SOLEIL;2;12.2;0
Cervione;42.33;9.49;23/09/2026;11:00;24.9;0;SOLEIL;3;19.1;0
Cervione;42.33;9.49;23/09/2026;12:00;24.9;0;SOLEIL;3;23.4;0
Cervione;42.33;9.49;23/09/2026;13:00;24.9;0;SOLEIL;3;27.4;0
Cervione;42.33;9.49;23/09/2026;14:00;23.5;0;SOLEIL;2;27.4;0
Cervione;42.33;9.49;23/09/2026;15:00;23.5;0;SOLEIL;2;23.4;0
Cervione;42.33;9.49;23/09/2026;16:00;23.5;0;SOLEIL;2;23.4;0
Cervione;42.33;9.49;23/09/2026;17:00;20;0;SOLEIL;2;23.8;0
Cervione;42.33;9.49;23/09/2026;18:00;20;0;SOLEIL;2;23.0;0
Cervione;42.33;9.49;23/09/2026;19:00;20;0;SOLEIL;2;20.9;0
Cervione;42.33;9.49;23/09/2026;20:00;19.6;0;SOLEIL;2;19.1;0
Cervione;42.33;9.49;23/09/2026;21:00;19.6;0;SOLEIL;2;16.2;0
Cervione;42.33;9.49;23/09/2026;22:00;19.6;0;SOLEIL;2;16.9;0
Cervione;42.33;9.49;23/09/2026;23:00;19.6;0;SOLEIL;2;17.3;0
Cervione;42.33;9.49;24/09/2026;00:00;19.6;0;SOLEIL;2;16.9;0
Cervione;42.33;9.49;24/09/2026;01:00;19.6;0;SOLEIL;2;17.3;0
Cervione;42.33;9.49;24/09/2026;02:00;19.6;0;SOLEIL;2;17.3;0
Cervione;42.33;9.49;24/09/2026;03:00;19.6;0;SOLEIL;2;17.3;0
Cervione;42.33;9.49;24/09/2026;04:00;19.6;0;SOLEIL;2;17.6;0
Cervione;42.33;9.49;24/09/2026;05:00;21;0;SOLEIL;2;17.3;0
Cervione;42.33;9.49;24/09/2026;06:00;21;0;SOLEIL;2;17.6;0
Cervione;42.33;9.49;24/09/2026;07:00;21;0;SOLEIL;2;18.0;0
Cervione;42.33;9.49;24/09/2026;08:00;25.6;0;SOLEIL;2;18.0;0
Cervione;42.33;9.49;24/09/2026;09:00;25.6;0;SOLEIL;2;18.0;0
Cervione;42.33;9.49;24/09/2026;10:00;25.6;0;SOLEIL;2;17.6;0
Cervione;42.33;9.49;24/09/2026;11:00;25.6;0;SOLEIL;3;18.7;0
Cervione;42.33;9.49;24/09/2026;12:00;25.6;0;SOLEIL;3;22.0;0
Cervione;42.33;9.49;24/09/2026;13:00;25.6;0;SOLEIL;3;26.3;0
Cervione;42.33;9.49;24/09/2026;14:00;24.2;0;SOLEIL;2;29.2;0
Cervione;42.33;9.49;24/09/2026;15:00;24.2;0;SOLEIL;2;29.5;0
Cervione;42.33;9.49;24/09/2026;16:00;24.2;0;SOLEIL;2;28.4;0
Cervione;42.33;9.49;24/09/2026;17:00;20.1;0;SOLEIL;1;25.9;0
Cervione;42.33;9.49;24/09/2026;18:00;20.1;0;SOLEIL;1;20.2;0
Cervione;42.33;9.49;24/09/2026;19:00;20.1;0;SOLEIL;1;12.6;0
Cervione;42.33;9.49;24/09/2026;20:00;22.4;0;SOLEIL;5;7.9;0
Cervione;42.33;9.49;24/09/2026;21:00;21.7;0;SOLEIL;5;8.6;0
Cervione;42.33;9.49;24/09/2026;22:00;21.0;0;SOLEIL;5;12.6;0
Cervione;42.33;9.49;24/09/2026;23:00;19.1;0;SOLEIL;2;15.5;0
Cervione;42.33;9.49;25/09/2026;00:00;19.1;0;SOLEIL;2;16.6;0
Cervione;42.33;9.49;25/09/2026;01:00;19.1;0;SOLEIL;2;16.6;0
Cervione;42.33;9.49;25/09/2026;02:00;16.4;7;PLUIE FAIBLE;5;16.9;0
Cervione;42.33;9.49;25/09/2026;03:00;16.4;7;PLUIE FAIBLE;5;17.6;0
Cervione;42.33;9.49;25/09/2026;04:00;16.4;7;PLUIE FAIBLE;5;18.4;0
Cervione;42.33;9.49;25/09/2026;05:00;18.2;7;PLUIE FAIBLE;3;18.0;0
Cervione;42.33;9.49;25/09/2026;06:00;18.2;7;PLUIE FAIBLE;3;14.8;0
Cervione;42.33;9.49;25/09/2026;07:00;18.2;7;PLUIE FAIBLE;3;10.4;0
Cervione;42.33;9.49;25/09/2026;08:00;17.9;7;PLUIE FAIBLE;5;8.3;0
Cervione;42.33;9.49;25/09/2026;09:00;18.7;7;PLUIE FAIBLE;5;11.2;0
Cervione;42.33;9.49;25/09/2026;10:00;19.4;7;PLUIE FAIBLE;5;16.2;0
Cervione;42.33;9.49;25/09/2026;11:00;22.6;7;PLUIE FAIBLE;7;20.2;0
Cervione;42.33;9.49;25/09/2026;12:00;22.6;7;PLUIE FAIBLE;7;21.6;0
Cervione;42.33;9.49;25/09/2026;13:00;22.6;7;PLUIE FAIBLE;7;21.6;0
Cervione;42.33;9.49;25/09/2026;14:00;22.4;7;PLUIE FAIBLE;5;20.9;0
Cervione;42.33;9.49;25/09/2026;15:00;23.2;7;PLUIE FAIBLE;5;19.4;0
Cervione;42.33;9.49;25/09/2026;16:00;22.4;7;PLUIE FAIBLE;5;17.3;0
Cervione;42.33;9.49;25/09/2026;17:00;18;7;PLUIE FAIBLE;4;15.5;0
Cervione;42.33;9.49;25/09/2026;18:00;18;7;PLUIE FAIBLE;4;14.4;0
Cervione;42.33;9.49;25/09/2026;19:00;18;7;PLUIE FAIBLE;4;13.7;0
Cervione;42.33;9.49;25/09/2026;20:00;19.4;7;PLUIE FAIBLE;5;14.0;0
Cervione;42.33;9.49;25/09/2026;21:00;18.7;7;PLUIE FAIBLE;5;15.8;0
Cervione;42.33;9.49;25/09/2026;22:00;17.9;7;PLUIE FAIBLE;5;18.4;0
Cervione;42.33;9.49;25/09/2026;23:00;17.5;0;SOLEIL;4;20.5;0
Cervione;42.33;9.49;26/09/2026;00:00;17.5;0;SOLEIL;4;20.1;0
Cervione;42.33;9.49;26/09/2026;01:00;17.5;0;SOLEIL;4;18.4;0
Cervione;42.33;9.49;26/09/2026;02:00;16.2;0;SOLEIL;5;17.1;0
Cervione;42.33;9.49;26/09/2026;03:00;16.2;0;SOLEIL;5;16.6;0
Cervione;42.33;9.49;26/09/2026;04:00;16.2;0;SOLEIL;5;17.3;0
Cervione;42.33;9.49;26/09/2026;05:00;18.2;0;SOLEIL;4;18.4;0
Cervione;42.33;9.49;26/09/2026;06:00;18.2;0;SOLEIL;4;19.1;0
Cervione;42.33;9.49;26/09/2026;07:00;18.2;0;SOLEIL;4;19.8;0
Cervione;42.33;9.49;26/09/2026;08:00;18.1;0;SOLEIL;5;20.2;0
Cervione;42.33;9.49;26/09/2026;09:00;19.0;0;SOLEIL;5;20.5;0
Cervione;42.33;9.49;26/09/2026;10:00;19.9;0;SOLEIL;5;20.5;0
Cervione;42.33;9.49;26/09/2026;11:00;24.1;0;SOLEIL;5;21.2;0
Cervione;42.33;9.49;26/09/2026;12:00;24.1;0;SOLEIL;5;22.7;0
Cervione;42.33;9.49;26/09/2026;13:00;24.1;0;SOLEIL;5;24.5;0
Cervione;42.33;9.49;26/09/2026;14:00;23.7;0;SOLEIL;5;25.6;0
Cervione;42.33;9.49;26/09/2026;15:00;24.6;0;SOLEIL;5;25.9;0
Cervione;42.33;9.49;26/09/2026;16:00;23.7;0;SOLEIL;5;25.2;0
Cervione;42.33;9.49;26/09/2026;17:00;18.4;0;SOLEIL;3;23.4;0
Cervione;42.33;9.49;26/09/2026;18:00;18.4;0;SOLEIL;3;18.7;0
Cervione;42.33;9.49;26/09/2026;19:00;18.4;0;SOLEIL;3;13.0;0
Cervione;42.33;9.49;26/09/2026;20:00;19.9;0;SOLEIL;5;9.0;0
Cervione;42.33;9.49;26/09/2026;21:00;19.0;0;SOLEIL;5;9.4;0
Cervione;42.33;9.49;26/09/2026;22:00;18.1;0;SOLEIL;5;11.9;0
Cervione;42.33;9.49;26/09/2026;23:00;17.4;0;SOLEIL;2;14.0;0
Corte;42.3;9.15;22/09/2026;00:00;16.1;5;SOLEIL VOILÉ;1;6.1;0
Corte;42.3;9.15;22/09/2026;01:00;15;0;SOLEIL;1;6.8;0
Corte;42.3;9.15;22/09/2026;02:00;14.5;0;SOLEIL;1;6.8;0
Corte;42.3;9.15;22/09/2026;03:00;14.4;0;SOLEIL;1;9.0;0
Corte;42.3;9.15;22/09/2026;04:00;13.9;0;SOLEIL;1;9.4;0
Corte;42.3;9.15;22/09/2026;05:00;13.9;0;SOLEIL;1;8.6;0
Corte;42.3;9.15;22/09/2026;06:00;16.1;0;SOLEIL;0;8.3;0
Corte;42.3;9.15;22/09/2026;07:00;20.1;0;SOLEIL;0;8.6;0
Corte;42.3;9.15;22/09/2026;08:00;22.2;0;SOLEIL;1;9.0;0
Corte;42.3;9.15;22/09/2026;09:00;26.1;0;SOLEIL;1;9.7;0
Corte;42.3;9.15;22/09/2026;10:00;27.7;0;SOLEIL;2;7.6;0
Corte;42.3;9.15;22/09/2026;11:00;28.5;0;SOLEIL;1;13.7;0
Corte;42.3;9.15;22/09/2026;12:00;29.4;0;SOLEIL;2;16.6;0
Corte;42.3;9.15;22/09/2026;13:00;30.1;0;SOLEIL;4;20.5;0
Corte;42.3;9.15;22/09/2026;14:00;27.9;0;SOLEIL;4;20.5;0
Corte;42.3;9.15;22/09/2026;15:00;26.2;0;SOLEIL;4;24.1;0
Corte;42.3;9.15;22/09/2026;16:00;25;0;SOLEIL;3;28.4;0
Corte;42.3;9.15;22/09/2026;17:00;23.2;0;SOLEIL;3;28.1;0
Corte;42.3;9.15;22/09/2026;18:00;21.1;0;SOLEIL;1;24.1;0
Corte;42.3;9.15;22/09/2026;19:00;18.9;0;SOLEIL;0;22.3;0
Corte;42.3;9.15;22/09/2026;20:00;17.4;0;SOLEIL;1;13.7;0
Corte;42.3;9.15;22/09/2026;21:00;16.7;0;SOLEIL;1;10.1;0
Corte;42.3;9.15;22/09/2026;22:00;16.2;0;SOLEIL;1;11.5;0
Corte;42.3;9.15;22/09/2026;23:00;16;0;SOLEIL;1;11.9;0
Corte;42.3;9.15;23/09/2026;00:00;15.4;0;SOLEIL;1;10.1;0
Corte;42.3;9.15;23/09/2026;01:00;15.4;0;SOLEIL;1;8.3;0
Corte;42.3;9.15;23/09/2026;02:00;13.2;0;SOLEIL;0;6.8;0
Corte;42.3;9.15;23/09/2026;03:00;13.2;0;SOLEIL;0;4.3;0
Corte;42.3;9.15;23/09/2026;04:00;13.2;0;SOLEIL;0;4.0;0
Corte;42.3;9.15;23/09/2026;05:00;14.2;0;SOLEIL;1;3.6;0
Corte;42.3;9.15;23/09/2026;06:00;14.2;0;SOLEIL;1;3.2;0
Corte;42.3;9.15;23/09/2026;07:00;14.2;0;SOLEIL;1;3.2;0
Corte;42.3;9.15;23/09/2026;08:00;24.6;0;SOLEIL;1;2.9;0
Corte;42.3;9.15;23/09/2026;09:00;24.6;0;SOLEIL;1;6.5;0
Corte;42.3;9.15;23/09/2026;10:00;24.6;0;SOLEIL;1;14.8;0
Corte;42.3;9.15;23/09/2026;11:00;27;0;SOLEIL;3;20.9;0
Corte;42.3;9.15;23/09/2026;12:00;27;0;SOLEIL;3;26.3;0
Corte;42.3;9.15;23/09/2026;13:00;27;0;SOLEIL;3;28.1;0
Corte;42.3;9.15;23/09/2026;14:00;25.1;0;SOLEIL;2;27.4;0
Corte;42.3;9.15;23/09/2026;15:00;25.1;0;SOLEIL;2;26.3;0
Corte;42.3;9.15;23/09/2026;16:00;25.1;0;SOLEIL;2;24.8;0
Corte;42.3;9.15;23/09/2026;17:00;20.1;0;SOLEIL;2;22.3;0
Corte;42.3;9.15;23/09/2026;18:00;20.1;0;SOLEIL;2;19.1;0
Corte;42.3;9.15;23/09/2026;19:00;20.1;0;SOLEIL;2;18.0;0
Corte;42.3;9.15;23/09/2026;20:00;15.9;0;SOLEIL;0;11.5;0
Corte;42.3;9.15;23/09/2026;21:00;15.9;0;SOLEIL;0;5.0;0
Corte;42.3;9.15;23/09/2026;22:00;15.9;0;SOLEIL;0;2.2;0
Corte;42.3;9.15;23/09/2026;23:00;14.6;0;SOLEIL;1;3.2;0
Corte;42.3;9.15;24/09/2026;00:00;14.6;0;SOLEIL;1;5.0;0
Corte;42.3;9.15;24/09/2026;01:00;14.6;0;SOLEIL;1;6.1;0
Corte;42.3;9.15;24/09/2026;02:00;13.4;0;SOLEIL;1;6.1;0
Corte;42.3;9.15;24/09/2026;03:00;13.4;0;SOLEIL;1;5.8;0
Corte;42.3;9.15;24/09/2026;04:00;13.4;0;SOLEIL;1;4.7;0
Corte;42.3;9.15;24/09/2026;05:00;13.9;0;SOLEIL;1;4.7;0
Corte;42.3;9.15;24/09/2026;06:00;13.9;0;SOLEIL;1;4.3;0
Corte;42.3;9.15;24/09/2026;07:00;13.9;0;SOLEIL;1;4.0;0
Corte;42.3;9.15;24/09/2026;08:00;24.7;0;SOLEIL;1;3.6;0
Corte;42.3;9.15;24/09/2026;09:00;24.7;0;SOLEIL;1;7.9;0
Corte;42.3;9.15;24/09/2026;10:00;24.7;0;SOLEIL;1;14.0;0
Corte;42.3;9.15;24/09/2026;11:00;28.5;0;SOLEIL;3;19.4;0
Corte;42.3;9.15;24/09/2026;12:00;28.5;0;SOLEIL;3;23.8;0
Corte;42.3;9.15;24/09/2026;13:00;28.5;0;SOLEIL;3;27.7;0
Corte;42.3;9.15;24/09/2026;14:00;25.1;0;SOLEIL;3;30.2;0
Corte;42.3;9.15;24/09/2026;15:00;25.1;0;SOLEIL;3;31.0;0
Corte;42.3;9.15;24/09/2026;16:00;25.1;0;SOLEIL;3;30.6;0
Corte;42.3;9.15;24/09/2026;17:00;20.6;0;SOLEIL;2;28.4;0
Corte;42.3;9.15;24/09/2026;18:00;20.6;0;SOLEIL;2;24.5;0
Corte;42.3;9.15;24/09/2026;19:00;20.6;0;SOLEIL;2;18.7;0
Corte;42.3;9.15;24/09/2026;20:00;19.5;0;SOLEIL;5;13.7;0
Corte;42.3;9.15;24/09/2026;21:00;17.6;0;SOLEIL;5;9.7;0
Corte;42.3;9.15;24/09/2026;22:00;15.8;0;SOLEIL;5;5.8;0
Corte;42.3;9.15;24/09/2026;23:00;14.1;0;SOLEIL;1;3.6;0
Corte;42.3;9.15;25/09/2026;00:00;14.1;0;SOLEIL;1;3.2;0
Corte;42.3;9.15;25/09/2026;01:00;14.1;0;SOLEIL;1;4.3;0
Corte;42.3;9.15;25/09/2026;02:00;13.1;6;AVERSES;5;5.0;0
Corte;42.3;9.15;25/09/2026;03:00;13.1;6;AVERSES;5;4.3;0
Corte;42.3;9.15;25/09/2026;04:00;13.1;6;AVERSES;5;3.2;0
Corte;42.3;9.15;25/09/2026;05:00;15.2;7;PLUIE FAIBLE;1;2.5;0
Corte;42.3;9.15;25/09/2026;06:00;15.2;7;PLUIE FAIBLE;1;2.5;0
Corte;42.3;9.15;25/09/2026;07:00;15.2;7;PLUIE FAIBLE;1;3.2;0
Corte;42.3;9.15;25/09/2026;08:00;15.4;6;AVERSES;5;5.0;0
Corte;42.3;9.15;25/09/2026;09:00;16.6;6;AVERSES;5;8.6;0
Corte;42.3;9.15;25/09/2026;10:00;17.7;6;AVERSES;5;13.7;0
Corte;42.3;9.15;25/09/2026;11:00;22.4;6;AVERSES;2;18.4;0
Corte;42.3;9.15;25/09/2026;12:00;22.4;6;AVERSES;2;23.0;0
Corte;42.3;9.15;25/09/2026;13:00;22.4;6;AVERSES;2;27.7;0
Corte;42.3;9.15;25/09/2026;14:00;22.3;6;AVERSES;5;30.2;0
Corte;42.3;9.15;25/09/2026;15:00;23.5;6;AVERSES;5;29.9;0
Corte;42.3;9.15;25/09/2026;16:00;22.3;6;AVERSES;5;27.7;0
Corte;42.3;9.15;25/09/2026;17:00;18.1;6;AVERSES;2;24.5;0
Corte;42.3;9.15;25/09/2026;18:00;18.1;6;AVERSES;2;19.8;0
Corte;42.3;9.15;25/09/2026;19:00;18.1;6;AVERSES;2;14.4;0
Corte;42.3;9.15;25/09/2026;20:00;17.7;6;AVERSES;5;9.7;0
Corte;42.3;9.15;25/09/2026;21:00;16.6;6;AVERSES;5;6.5;0
Corte;42.3;9.15;25/09/2026;22:00;15.4;6;AVERSES;5;4.0;0
Corte;42.3;9.15;25/09/2026;23:00;14.4;0;SOLEIL;2;2.2;0
Corte;42.3;9.15;26/09/2026;00:00;14.4;0;SOLEIL;2;3.2;0
Corte;42.3;9.15;26/09/2026;01:00;14.4;0;SOLEIL;2;5.2;0
Corte;42.3;9.15;26/09/2026;02:00;11.7;0;SOLEIL;5;7.1;0
Corte;42.3;9.15;26/09/2026;03:00;11.7;0;SOLEIL;5;8.3;0
Corte;42.3;9.15;26/09/2026;04:00;11.7;0;SOLEIL;5;7.6;0
Corte;42.3;9.15;26/09/2026;05:00;13.1;0;SOLEIL;2;7.2;0
Corte;42.3;9.15;26/09/2026;06:00;13.1;0;SOLEIL;2;7.2;0
Corte;42.3;9.15;26/09/2026;07:00;13.1;0;SOLEIL;2;7.6;0
Corte;42.3;9.15;26/09/2026;08:00;14.8;0;SOLEIL;5;9.0;0
Corte;42.3;9.15;26/09/2026;09:00;16.3;0;SOLEIL;5;11.9;0
Corte;42.3;9.15;26/09/2026;10:00;17.8;0;SOLEIL;5;16.2;0
Corte;42.3;9.15;26/09/2026;11:00;25.1;0;SOLEIL;2;19.8;0
Corte;42.3;9.15;26/09/2026;12:00;25.1;0;SOLEIL;2;23.0;0
Corte;42.3;9.15;26/09/2026;13:00;25.1;0;SOLEIL;2;26.3;0
Corte;42.3;9.15;26/09/2026;14:00;24.0;0;SOLEIL;5;28.4;0
Corte;42.3;9.15;26/09/2026;15:00;25.5;0;SOLEIL;5;29.5;0
Corte;42.3;9.15;26/09/2026;16:00;24.0;0;SOLEIL;5;29.2;0
Corte;42.3;9.15;26/09/2026;17:00;18.1;0;SOLEIL;1;27.7;0
Corte;42.3;9.15;26/09/2026;18:00;18.1;0;SOLEIL;1;23.8;0
Corte;42.3;9.15;26/09/2026;19:00;18.1;0;SOLEIL;1;18.4;0
Corte;42.3;9.15;26/09/2026;20:00;17.8;0;SOLEIL;5;14.0;0
Corte;42.3;9.15;26/09/2026;21:00;16.3;0;SOLEIL;5;11.5;0
Corte;42.3;9.15;26/09/2026;22:00;14.8;0;SOLEIL;5;9.7;0
Corte;42.3;9.15;26/09/2026;23:00;13.6;0;SOLEIL;1;8.6;0
Pietralba;42.54;9.18;22/09/2026;00:00;18.4;5;SOLEIL VOILÉ;1;5.0;0
Pietralba;42.54;9.18;22/09/2026;01:00;17.9;0;SOLEIL;1;5.4;0
Pietralba;42.54;9.18;22/09/2026;02:00;17.4;0;SOLEIL;1;5.8;0
Pietralba;42.54;9.18;22/09/2026;03:00;17.4;0;SOLEIL;1;3.6;0
Pietralba;42.54;9.18;22/09/2026;04:00;17.5;0;SOLEIL;1;1.8;0
Pietralba;42.54;9.18;22/09/2026;05:00;17.1;0;SOLEIL;1;1.4;0
Pietralba;42.54;9.18;22/09/2026;06:00;16.6;0;SOLEIL;1;1.4;0
Pietralba;42.54;9.18;22/09/2026;07:00;18.6;0;SOLEIL;1;2.2;0
Pietralba;42.54;9.18;22/09/2026;08:00;21.2;0;SOLEIL;1;2.2;0
Pietralba;42.54;9.18;22/09/2026;09:00;23.7;0;SOLEIL;1;4.7;0
Pietralba;42.54;9.18;22/09/2026;10:00;25.6;0;SOLEIL;1;10.8;0
Pietralba;42.54;9.18;22/09/2026;11:00;26.5;0;SOLEIL;2;10.8;0
Pietralba;42.54;9.18;22/09/2026;12:00;26.6;0;SOLEIL;3;10.4;0
Pietralba;42.54;9.18;22/09/2026;13:00;26.7;0;SOLEIL;3;13.3;0
Pietralba;42.54;9.18;22/09/2026;14:00;26.9;0;SOLEIL;3;18.0;0
Pietralba;42.54;9.18;22/09/2026;15:00;26.1;0;SOLEIL;3;20.2;0
Pietralba;42.54;9.18;22/09/2026;16:00;24.7;0;SOLEIL;3;22.3;0
Pietralba;42.54;9.18;22/09/2026;17:00;22.7;0;SOLEIL;2;22.0;0
Pietralba;42.54;9.18;22/09/2026;18:00;20.9;0;SOLEIL;1;20.9;0
Pietralba;42.54;9.18;22/09/2026;19:00;20.1;0;SOLEIL;1;19.4;0
Pietralba;42.54;9.18;22/09/2026;20:00;19.7;0;SOLEIL;1;13.0;0
Pietralba;42.54;9.18;22/09/2026;21:00;19.7;0;SOLEIL;2;10.4;0
Pietralba;42.54;9.18;22/09/2026;22:00;19.6;0;SOLEIL;2;10.1;0
Pietralba;42.54;9.18;22/09/2026;23:00;19.1;0;SOLEIL;3;12.2;0
Pietralba;42.54;9.18;23/09/2026;00:00;18.4;0;SOLEIL;3;15.1;0
Pietralba;42.54;9.18;23/09/2026;01:00;18.4;0;SOLEIL;3;16.9;0
Pietralba;42.54;9.18;23/09/2026;02:00;17.1;0;SOLEIL;3;17.3;0
Pietralba;42.54;9.18;23/09/2026;03:00;17.1;0;SOLEIL;3;17.3;0
Pietralba;42.54;9.18;23/09/2026;04:00;17.1;0;SOLEIL;3;17.6;0
Pietralba;42.54;9.18;23/09/2026;05:00;16.5;0;SOLEIL;2;17.6;0
Pietralba;42.54;9.18;23/09/2026;06:00;16.5;0;SOLEIL;2;16.9;0
Pietralba;42.54;9.18;23/09/2026;07:00;16.5;0;SOLEIL;2;15.8;0
Pietralba;42.54;9.18;23/09/2026;08:00;23.4;0;SOLEIL;1;14.4;0
Pietralba;42.54;9.18;23/09/2026;09:00;23.4;0;SOLEIL;1;14.8;0
Pietralba;42.54;9.18;23/09/2026;10:00;23.4;0;SOLEIL;1;16.2;0
Pietralba;42.54;9.18;23/09/2026;11:00;25;0;SOLEIL;3;17.3;0
Pietralba;42.54;9.18;23/09/2026;12:00;25;0;SOLEIL;3;17.6;0
Pietralba;42.54;9.18;23/09/2026;13:00;25;0;SOLEIL;3;16.9;0
Pietralba;42.54;9.18;23/09/2026;14:00;23.6;0;SOLEIL;3;13.3;0
Pietralba;42.54;9.18;23/09/2026;15:00;23.6;0;SOLEIL;3;15.1;0
Pietralba;42.54;9.18;23/09/2026;16:00;23.6;0;SOLEIL;3;16.9;0
Pietralba;42.54;9.18;23/09/2026;17:00;19.1;0;SOLEIL;1;17.3;0
Pietralba;42.54;9.18;23/09/2026;18:00;19.1;0;SOLEIL;1;16.6;0
Pietralba;42.54;9.18;23/09/2026;19:00;19.1;0;SOLEIL;1;13.0;0
Pietralba;42.54;9.18;23/09/2026;20:00;18.1;0;SOLEIL;1;9.0;0
Pietralba;42.54;9.18;23/09/2026;21:00;18.1;0;SOLEIL;1;7.6;0
Pietralba;42.54;9.18;23/09/2026;22:00;18.1;0;SOLEIL;1;5.4;0
Pietralba;42.54;9.18;23/09/2026;23:00;17.4;0;SOLEIL;1;2.5;0
Pietralba;42.54;9.18;24/09/2026;00:00;17.4;0;SOLEIL;1;2.5;0
Pietralba;42.54;9.18;24/09/2026;01:00;17.4;0;SOLEIL;1;2.5;0
Pietralba;42.54;9.18;24/09/2026;02:00;16.4;0;SOLEIL;1;2.5;0
Pietralba;42.54;9.18;24/09/2026;03:00;16.4;0;SOLEIL;1;2.9;0
Pietralba;42.54;9.18;24/09/2026;04:00;16.4;0;SOLEIL;1;2.2;0
Pietralba;42.54;9.18;24/09/2026;05:00;15.6;0;SOLEIL;1;2.5;0
Pietralba;42.54;9.18;24/09/2026;06:00;15.6;0;SOLEIL;1;2.5;0
Pietralba;42.54;9.18;24/09/2026;07:00;15.6;0;SOLEIL;1;1.4;0
Pietralba;42.54;9.18;24/09/2026;08:00;22.6;0;SOLEIL;1;1.8;0
Pietralba;42.54;9.18;24/09/2026;09:00;22.6;0;SOLEIL;1;3.6;0
Pietralba;42.54;9.18;24/09/2026;10:00;22.6;0;SOLEIL;1;6.1;0
Pietralba;42.54;9.18;24/09/2026;11:00;25;0;SOLEIL;3;9.0;0
Pietralba;42.54;9.18;24/09/2026;12:00;25;0;SOLEIL;3;11.9;0
Pietralba;42.54;9.18;24/09/2026;13:00;25;0;SOLEIL;3;15.5;0
Pietralba;42.54;9.18;24/09/2026;14:00;23.2;0;SOLEIL;3;18.7;0
Pietralba;42.54;9.18;24/09/2026;15:00;23.2;0;SOLEIL;3;23.4;0
Pietralba;42.54;9.18;24/09/2026;16:00;23.2;0;SOLEIL;3;28.1;0
Pietralba;42.54;9.18;24/09/2026;17:00;19.6;0;SOLEIL;2;29.2;0
Pietralba;42.54;9.18;24/09/2026;18:00;19.6;0;SOLEIL;2;24.1;0
Pietralba;42.54;9.18;24/09/2026;19:00;19.6;0;SOLEIL;2;15.5;0
Pietralba;42.54;9.18;24/09/2026;20:00;19.8;0;SOLEIL;5;8.6;0
Pietralba;42.54;9.18;24/09/2026;21:00;18.6;0;SOLEIL;5;6.1;0
Pietralba;42.54;9.18;24/09/2026;22:00;17.5;0;SOLEIL;5;5.0;0
Pietralba;42.54;9.18;24/09/2026;23:00;17.4;0;SOLEIL;1;5.0;0
Pietralba;42.54;9.18;25/09/2026;00:00;17.4;0;SOLEIL;1;5.4;0
Pietralba;42.54;9.18;25/09/2026;01:00;17.4;0;SOLEIL;1;6.1;0
Pietralba;42.54;9.18;25/09/2026;02:00;14.5;7;PLUIE FAIBLE;5;6.8;0
Pietralba;42.54;9.18;25/09/2026;03:00;14.5;7;PLUIE FAIBLE;5;6.8;0
Pietralba;42.54;9.18;25/09/2026;04:00;14.5;7;PLUIE FAIBLE;5;6.1;0
Pietralba;42.54;9.18;25/09/2026;05:00;15.4;7;PLUIE FAIBLE;2;6.1;0
Pietralba;42.54;9.18;25/09/2026;06:00;15.4;7;PLUIE FAIBLE;2;6.1;0
Pietralba;42.54;9.18;25/09/2026;07:00;15.4;7;PLUIE FAIBLE;2;6.5;0
Pietralba;42.54;9.18;25/09/2026;08:00;16.2;7;PLUIE FAIBLE;5;7.6;0
Pietralba;42.54;9.18;25/09/2026;09:00;17.0;7;PLUIE FAIBLE;5;9.0;0
Pietralba;42.54;9.18;25/09/2026;10:00;17.9;7;PLUIE FAIBLE;5;11.2;0
Pietralba;42.54;9.18;25/09/2026;11:00;21;6;AVERSES;3;13.7;0
Pietralba;42.54;9.18;25/09/2026;12:00;21;6;AVERSES;3;17.6;0
Pietralba;42.54;9.18;25/09/2026;13:00;21;6;AVERSES;3;22.0;0
Pietralba;42.54;9.18;25/09/2026;14:00;21.3;7;PLUIE FAIBLE;5;25.2;0
Pietralba;42.54;9.18;25/09/2026;15:00;22.1;7;PLUIE FAIBLE;5;27.0;0
Pietralba;42.54;9.18;25/09/2026;16:00;21.3;7;PLUIE FAIBLE;5;27.7;0
Pietralba;42.54;9.18;25/09/2026;17:00;18.1;7;PLUIE FAIBLE;1;27.0;0
Pietralba;42.54;9.18;25/09/2026;18:00;18.1;7;PLUIE FAIBLE;1;23.4;0
Pietralba;42.54;9.18;25/09/2026;19:00;18.1;7;PLUIE FAIBLE;1;18.0;0
Pietralba;42.54;9.18;25/09/2026;20:00;17.9;7;PLUIE FAIBLE;5;13.7;0
Pietralba;42.54;9.18;25/09/2026;21:00;17.0;7;PLUIE FAIBLE;5;11.2;0
Pietralba;42.54;9.18;25/09/2026;22:00;16.2;7;PLUIE FAIBLE;5;9.4;0
Pietralba;42.54;9.18;25/09/2026;23:00;15.6;0;SOLEIL;1;7.9;0
Pietralba;42.54;9.18;26/09/2026;00:00;15.6;0;SOLEIL;1;9.0;0
Pietralba;42.54;9.18;26/09/2026;01:00;15.6;0;SOLEIL;1;10.6;0
Pietralba;42.54;9.18;26/09/2026;02:00;13.2;0;SOLEIL;5;12.4;0
Pietralba;42.54;9.18;26/09/2026;03:00;13.2;0;SOLEIL;5;14.4;0
Pietralba;42.54;9.18;26/09/2026;04:00;13.2;0;SOLEIL;5;14.0;0
Pietralba;42.54;9.18;26/09/2026;05:00;14.2;0;SOLEIL;1;13.7;0
Pietralba;42.54;9.18;26/09/2026;06:00;14.2;0;SOLEIL;1;13.3;0
Pietralba;42.54;9.18;26/09/2026;07:00;14.2;0;SOLEIL;1;13.0;0
Pietralba;42.54;9.18;26/09/2026;08:00;15.5;0;SOLEIL;5;12.6;0
Pietralba;42.54;9.18;26/09/2026;09:00;16.6;0;SOLEIL;5;12.2;0
Pietralba;42.54;9.18;26/09/2026;10:00;17.7;0;SOLEIL;5;11.9;0
Pietralba;42.54;9.18;26/09/2026;11:00;23;0;SOLEIL;2;13.0;0
Pietralba;42.54;9.18;26/09/2026;12:00;23;0;SOLEIL;2;16.2;0
Pietralba;42.54;9.18;26/09/2026;13:00;23;0;SOLEIL;2;20.5;0
Pietralba;42.54;9.18;26/09/2026;14:00;22.3;0;SOLEIL;5;23.8;0
Pietralba;42.54;9.18;26/09/2026;15:00;23.4;0;SOLEIL;5;25.6;0
Pietralba;42.54;9.18;26/09/2026;16:00;22.3;0;SOLEIL;5;25.9;0
Pietralba;42.54;9.18;26/09/2026;17:00;18;0;SOLEIL;1;24.8;0
Pietralba;42.54;9.18;26/09/2026;18:00;18;0;SOLEIL;1;20.5;0
Pietralba;42.54;9.18;26/09/2026;19:00;18;0;SOLEIL;1;14.4;0
Pietralba;42.54;9.18;26/09/2026;20:00;17.7;0;SOLEIL;5;10.1;0
Pietralba;42.54;9.18;26/09/2026;21:00;16.6;0;SOLEIL;5;9.0;0
Pietralba;42.54;9.18;26/09/2026;22:00;15.5;0;SOLEIL;5;9.4;0
Pietralba;42.54;9.18;26/09/2026;23:00;16.4;0;SOLEIL;1;9.4;0
Prunelli-di-Fiumorbo;42.01;9.32;22/09/2026;00:00;18.4;5;SOLEIL VOILÉ;1;10.1;0
Prunelli-di-Fiumorbo;42.01;9.32;22/09/2026;01:00;17.9;0;SOLEIL;1;10.8;0
Prunelli-di-Fiumorbo;42.01;9.32;22/09/2026;02:00;17.2;0;SOLEIL;1;10.4;0
Prunelli-di-Fiumorbo;42.01;9.32;22/09/2026;03:00;17.2;0;SOLEIL;1;9.7;0
Prunelli-di-Fiumorbo;42.01;9.32;22/09/2026;04:00;16.9;0;SOLEIL;1;13.0;0
Prunelli-di-Fiumorbo;42.01;9.32;22/09/2026;05:00;16.5;0;SOLEIL;1;13.7;0
Prunelli-di-Fiumorbo;42.01;9.32;22/09/2026;06:00;17.5;0;SOLEIL;1;14.4;0
Prunelli-di-Fiumorbo;42.01;9.32;22/09/2026;07:00;17.5;0;SOLEIL;1;14.0;0
Prunelli-di-Fiumorbo;42.01;9.32;22/09/2026;08:00;22.6;0;SOLEIL;1;15.8;0
Prunelli-di-Fiumorbo;42.01;9.32;22/09/2026;09:00;25.6;0;SOLEIL;2;16.6;0
Prunelli-di-Fiumorbo;42.01;9.32;22/09/2026;10:00;26.1;0;SOLEIL;2;15.8;0
Prunelli-di-Fiumorbo;42.01;9.32;22/09/2026;11:00;26.1;0;SOLEIL;2;18.0;0
Prunelli-di-Fiumorbo;42.01;9.32;22/09/2026;12:00;26;0;SOLEIL;3;21.2;0
Prunelli-di-Fiumorbo;42.01;9.32;22/09/2026;13:00;25.2;0;SOLEIL;3;30.2;0
Prunelli-di-Fiumorbo;42.01;9.32;22/09/2026;14:00;25.1;0;SOLEIL;3;33.5;0
Prunelli-di-Fiumorbo;42.01;9.32;22/09/2026;15:00;24.2;0;SOLEIL;2;33.1;0
Prunelli-di-Fiumorbo;42.01;9.32;22/09/2026;16:00;22.7;0;SOLEIL;2;31.7;0
Prunelli-di-Fiumorbo;42.01;9.32;22/09/2026;17:00;21;0;SOLEIL;1;29.9;0
Prunelli-di-Fiumorbo;42.01;9.32;22/09/2026;18:00;18.9;0;SOLEIL;1;25.2;0
Prunelli-di-Fiumorbo;42.01;9.32;22/09/2026;19:00;17.7;0;SOLEIL;1;17.6;0
Prunelli-di-Fiumorbo;42.01;9.32;22/09/2026;20:00;17.6;0;SOLEIL;1;17.6;0
Prunelli-di-Fiumorbo;42.01;9.32;22/09/2026;21:00;17.7;0;SOLEIL;2;19.8;0
Prunelli-di-Fiumorbo;42.01;9.32;22/09/2026;22:00;17.9;0;SOLEIL;2;20.5;0
Prunelli-di-Fiumorbo;42.01;9.32;22/09/2026;23:00;17.7;0;SOLEIL;2;20.5;0
Prunelli-di-Fiumorbo;42.01;9.32;23/09/2026;00:00;17.4;0;SOLEIL;1;18.0;0
Prunelli-di-Fiumorbo;42.01;9.32;23/09/2026;01:00;17.4;0;SOLEIL;1;17.6;0
Prunelli-di-Fiumorbo;42.01;9.32;23/09/2026;02:00;17;0;SOLEIL;2;13.3;0
Prunelli-di-Fiumorbo;42.01;9.32;23/09/2026;03:00;17;0;SOLEIL;2;10.8;0
Prunelli-di-Fiumorbo;42.01;9.32;23/09/2026;04:00;17;0;SOLEIL;2;11.2;0
Prunelli-di-Fiumorbo;42.01;9.32;23/09/2026;05:00;16;0;SOLEIL;3;11.2;0
Prunelli-di-Fiumorbo;42.01;9.32;23/09/2026;06:00;16;0;SOLEIL;3;12.2;0
Prunelli-di-Fiumorbo;42.01;9.32;23/09/2026;07:00;16;0;SOLEIL;3;11.9;0
Prunelli-di-Fiumorbo;42.01;9.32;23/09/2026;08:00;24.5;0;SOLEIL;2;12.6;0
Prunelli-di-Fiumorbo;42.01;9.32;23/09/2026;09:00;24.5;0;SOLEIL;2;11.9;0
Prunelli-di-Fiumorbo;42.01;9.32;23/09/2026;10:00;24.5;0;SOLEIL;2;10.4;0
Prunelli-di-Fiumorbo;42.01;9.32;23/09/2026;11:00;25.7;0;SOLEIL;2;18.7;0
Prunelli-di-Fiumorbo;42.01;9.32;23/09/2026;12:00;25.7;0;SOLEIL;2;23.4;0
Prunelli-di-Fiumorbo;42.01;9.32;23/09/2026;13:00;25.7;0;SOLEIL;2;31.7;0
Prunelli-di-Fiumorbo;42.01;9.32;23/09/2026;14:00;25;0;SOLEIL;2;32.0;0
Prunelli-di-Fiumorbo;42.01;9.32;23/09/2026;15:00;25;0;SOLEIL;2;29.5;0
Prunelli-di-Fiumorbo;42.01;9.32;23/09/2026;16:00;25;0;SOLEIL;2;25.9;0
Prunelli-di-Fiumorbo;42.01;9.32;23/09/2026;17:00;19.9;0;SOLEIL;1;24.1;0
Prunelli-di-Fiumorbo;42.01;9.32;23/09/2026;18:00;19.9;0;SOLEIL;1;19.8;0
Prunelli-di-Fiumorbo;42.01;9.32;23/09/2026;19:00;19.9;0;SOLEIL;1;14.0;0
Prunelli-di-Fiumorbo;42.01;9.32;23/09/2026;20:00;18.2;0;SOLEIL;1;8.6;0
Prunelli-di-Fiumorbo;42.01;9.32;23/09/2026;21:00;18.2;0;SOLEIL;1;6.8;0
Prunelli-di-Fiumorbo;42.01;9.32;23/09/2026;22:00;18.2;0;SOLEIL;1;9.0;0
Prunelli-di-Fiumorbo;42.01;9.32;23/09/2026;23:00;17;0;SOLEIL;1;11.5;0
Prunelli-di-Fiumorbo;42.01;9.32;24/09/2026;00:00;17;0;SOLEIL;1;13.3;0
Prunelli-di-Fiumorbo;42.01;9.32;24/09/2026;01:00;17;0;SOLEIL;1;14.0;0
Prunelli-di-Fiumorbo;42.01;9.32;24/09/2026;02:00;17.7;0;SOLEIL;2;14.4;0
Prunelli-di-Fiumorbo;42.01;9.32;24/09/2026;03:00;17.7;0;SOLEIL;2;14.8;0
Prunelli-di-Fiumorbo;42.01;9.32;24/09/2026;04:00;17.7;0;SOLEIL;2;14.8;0
Prunelli-di-Fiumorbo;42.01;9.32;24/09/2026;05:00;17.2;0;SOLEIL;2;14.8;0
Prunelli-di-Fiumorbo;42.01;9.32;24/09/2026;06:00;17.2;0;SOLEIL;2;14.4;0
Prunelli-di-Fiumorbo;42.01;9.32;24/09/2026;07:00;17.2;0;SOLEIL;2;14.0;0
Prunelli-di-Fiumorbo;42.01;9.32;24/09/2026;08:00;25.1;0;SOLEIL;3;13.7;0
Prunelli-di-Fiumorbo;42.01;9.32;24/09/2026;09:00;25.1;0;SOLEIL;3;15.8;0
Prunelli-di-Fiumorbo;42.01;9.32;24/09/2026;10:00;25.1;0;SOLEIL;3;18.7;0
Prunelli-di-Fiumorbo;42.01;9.32;24/09/2026;11:00;25.2;0;SOLEIL;4;22.0;0
Prunelli-di-Fiumorbo;42.01;9.32;24/09/2026;12:00;25.2;0;SOLEIL;4;25.2;0
Prunelli-di-Fiumorbo;42.01;9.32;24/09/2026;13:00;25.2;0;SOLEIL;4;28.8;0
Prunelli-di-Fiumorbo;42.01;9.32;24/09/2026;14:00;25.1;0;SOLEIL;3;30.6;0
Prunelli-di-Fiumorbo;42.01;9.32;24/09/2026;15:00;25.1;0;SOLEIL;3;30.6;0
Prunelli-di-Fiumorbo;42.01;9.32;24/09/2026;16:00;25.1;0;SOLEIL;3;28.8;0
Prunelli-di-Fiumorbo;42.01;9.32;24/09/2026;17:00;20.7;0;SOLEIL;1;26.3;0
Prunelli-di-Fiumorbo;42.01;9.32;24/09/2026;18:00;20.7;0;SOLEIL;1;21.6;0
Prunelli-di-Fiumorbo;42.01;9.32;24/09/2026;19:00;20.7;0;SOLEIL;1;16.2;0
Prunelli-di-Fiumorbo;42.01;9.32;24/09/2026;20:00;20.4;0;SOLEIL;5;11.5;0
Prunelli-di-Fiumorbo;42.01;9.32;24/09/2026;21:00;19.2;0;SOLEIL;5;9.4;0
Prunelli-di-Fiumorbo;42.01;9.32;24/09/2026;22:00;18.0;0;SOLEIL;5;8.3;0
Prunelli-di-Fiumorbo;42.01;9.32;24/09/2026;23:00;16.7;0;SOLEIL;1;7.6;0
Prunelli-di-Fiumorbo;42.01;9.32;25/09/2026;00:00;16.7;0;SOLEIL;1;7.2;0
Prunelli-di-Fiumorbo;42.01;9.32;25/09/2026;01:00;16.7;0;SOLEIL;1;6.8;0
Prunelli-di-Fiumorbo;42.01;9.32;25/09/2026;02:00;15.1;6;AVERSES;5;6.8;0
Prunelli-di-Fiumorbo;42.01;9.32;25/09/2026;03:00;15.1;6;AVERSES;5;6.1;0
Prunelli-di-Fiumorbo;42.01;9.32;25/09/2026;04:00;15.1;6;AVERSES;5;5.8;0
Prunelli-di-Fiumorbo;42.01;9.32;25/09/2026;05:00;16.9;7;PLUIE FAIBLE;0;5.4;0
Prunelli-di-Fiumorbo;42.01;9.32;25/09/2026;06:00;16.9;7;PLUIE FAIBLE;0;5.4;0
Prunelli-di-Fiumorbo;42.01;9.32;25/09/2026;07:00;16.9;7;PLUIE FAIBLE;0;6.1;0
Prunelli-di-Fiumorbo;42.01;9.32;25/09/2026;08:00;16.9;6;AVERSES;5;7.6;0
Prunelli-di-Fiumorbo;42.01;9.32;25/09/2026;09:00;17.7;6;AVERSES;5;10.4;0
Prunelli-di-Fiumorbo;42.01;9.32;25/09/2026;10:00;18.6;6;AVERSES;5;14.8;0
Prunelli-di-Fiumorbo;42.01;9.32;25/09/2026;11:00;21.6;6;AVERSES;2;18.0;0
Prunelli-di-Fiumorbo;42.01;9.32;25/09/2026;12:00;21.6;6;AVERSES;2;20.5;0
Prunelli-di-Fiumorbo;42.01;9.32;25/09/2026;13:00;21.6;6;AVERSES;2;22.3;0
Prunelli-di-Fiumorbo;42.01;9.32;25/09/2026;14:00;22.1;6;AVERSES;5;23.4;0
Prunelli-di-Fiumorbo;42.01;9.32;25/09/2026;15:00;23.0;6;AVERSES;5;23.4;0
Prunelli-di-Fiumorbo;42.01;9.32;25/09/2026;16:00;22.1;6;AVERSES;5;22.3;0
Prunelli-di-Fiumorbo;42.01;9.32;25/09/2026;17:00;17.7;6;AVERSES;0;20.5;0
Prunelli-di-Fiumorbo;42.01;9.32;25/09/2026;18:00;17.7;6;AVERSES;0;16.6;0
Prunelli-di-Fiumorbo;42.01;9.32;25/09/2026;19:00;17.7;6;AVERSES;0;11.5;0
Prunelli-di-Fiumorbo;42.01;9.32;25/09/2026;20:00;18.6;6;AVERSES;5;8.3;0
Prunelli-di-Fiumorbo;42.01;9.32;25/09/2026;21:00;17.7;6;AVERSES;5;9.0;0
Prunelli-di-Fiumorbo;42.01;9.32;25/09/2026;22:00;16.9;6;AVERSES;5;11.5;0
Prunelli-di-Fiumorbo;42.01;9.32;25/09/2026;23:00;15.9;0;SOLEIL;0;13.7;0
Prunelli-di-Fiumorbo;42.01;9.32;26/09/2026;00:00;15.9;0;SOLEIL;0;13.5;0
Prunelli-di-Fiumorbo;42.01;9.32;26/09/2026;01:00;15.9;0;SOLEIL;0;12.8;0
Prunelli-di-Fiumorbo;42.01;9.32;26/09/2026;02:00;14.6;0;SOLEIL;5;12.2;0
Prunelli-di-Fiumorbo;42.01;9.32;26/09/2026;03:00;14.6;0;SOLEIL;5;11.9;0
Prunelli-di-Fiumorbo;42.01;9.32;26/09/2026;04:00;14.6;0;SOLEIL;5;12.2;0
Prunelli-di-Fiumorbo;42.01;9.32;26/09/2026;05:00;16.1;0;SOLEIL;2;12.6;0
Prunelli-di-Fiumorbo;42.01;9.32;26/09/2026;06:00;16.1;0;SOLEIL;2;12.2;0
Prunelli-di-Fiumorbo;42.01;9.32;26/09/2026;07:00;16.1;0;SOLEIL;2;11.5;0
Prunelli-di-Fiumorbo;42.01;9.32;26/09/2026;08:00;16.7;0;SOLEIL;5;11.5;0
Prunelli-di-Fiumorbo;42.01;9.32;26/09/2026;09:00;17.8;0;SOLEIL;5;12.6;0
Prunelli-di-Fiumorbo;42.01;9.32;26/09/2026;10:00;18.8;0;SOLEIL;5;14.4;0
Prunelli-di-Fiumorbo;42.01;9.32;26/09/2026;11:00;23.5;0;SOLEIL;3;16.6;0
Prunelli-di-Fiumorbo;42.01;9.32;26/09/2026;12:00;23.5;0;SOLEIL;3;19.4;0
Prunelli-di-Fiumorbo;42.01;9.32;26/09/2026;13:00;23.5;0;SOLEIL;3;22.3;0
Prunelli-di-Fiumorbo;42.01;9.32;26/09/2026;14:00;23.0;0;SOLEIL;5;24.5;0
Prunelli-di-Fiumorbo;42.01;9.32;26/09/2026;15:00;24.1;0;SOLEIL;5;25.2;0
Prunelli-di-Fiumorbo;42.01;9.32;26/09/2026;16:00;23.0;0;SOLEIL;5;24.5;0
Prunelli-di-Fiumorbo;42.01;9.32;26/09/2026;17:00;18.4;0;SOLEIL;0;22.7;0
Prunelli-di-Fiumorbo;42.01;9.32;26/09/2026;18:00;18.4;0;SOLEIL;0;18.0;0
Prunelli-di-Fiumorbo;42.01;9.32;26/09/2026;19:00;18.4;0;SOLEIL;0;11.5;0
Prunelli-di-Fiumorbo;42.01;9.32;26/09/2026;20:00;18.8;0;SOLEIL;5;7.2;0
Prunelli-di-Fiumorbo;42.01;9.32;26/09/2026;21:00;17.8;0;SOLEIL;5;6.5;0
Prunelli-di-Fiumorbo;42.01;9.32;26/09/2026;22:00;16.7;0;SOLEIL;5;7.6;0
Prunelli-di-Fiumorbo;42.01;9.32;26/09/2026;23:00;16.2;0;SOLEIL;0;8.6;0
Rogliano;42.95;9.41;22/09/2026;00:00;18.9;0;SOLEIL;2;19.4;0
Rogliano;42.95;9.41;22/09/2026;01:00;18.6;0;SOLEIL;2;19.4;0
Rogliano;42.95;9.41;22/09/2026;02:00;19.1;0;SOLEIL;2;18.7;0
Rogliano;42.95;9.41;22/09/2026;03:00;18.6;0;SOLEIL;2;16.6;0
Rogliano;42.95;9.41;22/09/2026;04:00;18.5;0;SOLEIL;2;15.1;0
Rogliano;42.95;9.41;22/09/2026;05:00;18.1;0;SOLEIL;2;13.3;0
Rogliano;42.95;9.41;22/09/2026;06:00;19.2;0;SOLEIL;1;14.0;0
Rogliano;42.95;9.41;22/09/2026;07:00;22.9;0;SOLEIL;1;16.6;0
Rogliano;42.95;9.41;22/09/2026;08:00;24.6;0;SOLEIL;2;21.2;0
Rogliano;42.95;9.41;22/09/2026;09:00;26;0;SOLEIL;3;28.1;0
Rogliano;42.95;9.41;22/09/2026;10:00;26.4;0;SOLEIL;3;31.0;0
Rogliano;42.95;9.41;22/09/2026;11:00;26.7;0;SOLEIL;3;31.0;0
Rogliano;42.95;9.41;22/09/2026;12:00;27;0;SOLEIL;3;33.1;0
Rogliano;42.95;9.41;22/09/2026;13:00;26.9;0;SOLEIL;3;40.7;0
Rogliano;42.95;9.41;22/09/2026;14:00;26.6;0;SOLEIL;3;41.4;0
Rogliano;42.95;9.41;22/09/2026;15:00;26.2;0;SOLEIL;3;44.6;0
Rogliano;42.95;9.41;22/09/2026;16:00;25.1;0;SOLEIL;2;42.1;0
Rogliano;42.95;9.41;22/09/2026;17:00;23.9;0;SOLEIL;2;40.0;0
Rogliano;42.95;9.41;22/09/2026;18:00;22.7;0;SOLEIL;2;38.9;0
Rogliano;42.95;9.41;22/09/2026;19:00;21.7;0;SOLEIL;3;38.2;0
Rogliano;42.95;9.41;22/09/2026;20:00;20.7;0;SOLEIL;4;32.8;0
Rogliano;42.95;9.41;22/09/2026;21:00;19.9;0;SOLEIL;5;32.8;0
Rogliano;42.95;9.41;22/09/2026;22:00;19.7;0;SOLEIL;8;32.0;0
Rogliano;42.95;9.41;22/09/2026;23:00;19.9;0;SOLEIL;8;59.8;0
Rogliano;42.95;9.41;23/09/2026;00:00;19.6;0;SOLEIL;8;59.8;0
Rogliano;42.95;9.41;23/09/2026;01:00;19.6;0;SOLEIL;8;59.4;0
Rogliano;42.95;9.41;23/09/2026;02:00;18.6;0;SOLEIL;7;59.4;0
Rogliano;42.95;9.41;23/09/2026;03:00;18.6;0;SOLEIL;7;58.7;0
Rogliano;42.95;9.41;23/09/2026;04:00;18.6;0;SOLEIL;7;60.5;0
Rogliano;42.95;9.41;23/09/2026;05:00;19.7;0;SOLEIL;7;55.1;0
Rogliano;42.95;9.41;23/09/2026;06:00;19.7;0;SOLEIL;7;54.0;0
Rogliano;42.95;9.41;23/09/2026;07:00;19.7;0;SOLEIL;7;47.9;0
Rogliano;42.95;9.41;23/09/2026;08:00;23.9;0;SOLEIL;6;41.4;0
Rogliano;42.95;9.41;23/09/2026;09:00;23.9;0;SOLEIL;6;34.2;0
Rogliano;42.95;9.41;23/09/2026;10:00;23.9;0;SOLEIL;6;32.0;0
Rogliano;42.95;9.41;23/09/2026;11:00;24.7;0;SOLEIL;5;31.0;0
Rogliano;42.95;9.41;23/09/2026;12:00;24.7;0;SOLEIL;5;27.4;0
Rogliano;42.95;9.41;23/09/2026;13:00;24.7;0;SOLEIL;5;29.2;0
Rogliano;42.95;9.41;23/09/2026;14:00;24.4;0;SOLEIL;4;31.3;0
Rogliano;42.95;9.41;23/09/2026;15:00;24.4;0;SOLEIL;4;32.0;0
Rogliano;42.95;9.41;23/09/2026;16:00;24.4;0;SOLEIL;4;30.6;0
Rogliano;42.95;9.41;23/09/2026;17:00;21.1;0;SOLEIL;4;28.4;0
Rogliano;42.95;9.41;23/09/2026;18:00;21.1;0;SOLEIL;4;24.1;0
Rogliano;42.95;9.41;23/09/2026;19:00;21.1;0;SOLEIL;4;21.6;0
Rogliano;42.95;9.41;23/09/2026;20:00;19.6;0;SOLEIL;4;14.8;0
Rogliano;42.95;9.41;23/09/2026;21:00;19.6;0;SOLEIL;4;13.0;0
Rogliano;42.95;9.41;23/09/2026;22:00;19.6;0;SOLEIL;4;12.6;0
Rogliano;42.95;9.41;23/09/2026;23:00;18.5;0;SOLEIL;3;12.2;0
Rogliano;42.95;9.41;24/09/2026;00:00;18.5;0;SOLEIL;3;10.8;0
Rogliano;42.95;9.41;24/09/2026;01:00;18.5;0;SOLEIL;3;14.8;0
Rogliano;42.95;9.41;24/09/2026;02:00;18.1;0;SOLEIL;3;15.1;0
Rogliano;42.95;9.41;24/09/2026;03:00;18.1;0;SOLEIL;3;15.1;0
Rogliano;42.95;9.41;24/09/2026;04:00;18.1;0;SOLEIL;3;15.1;0
Rogliano;42.95;9.41;24/09/2026;05:00;19.1;0;SOLEIL;4;16.9;0
Rogliano;42.95;9.41;24/09/2026;06:00;19.1;0;SOLEIL;4;19.4;0
Rogliano;42.95;9.41;24/09/2026;07:00;19.1;0;SOLEIL;4;23.4;0
Rogliano;42.95;9.41;24/09/2026;08:00;25.1;0;SOLEIL;4;25.9;0
Rogliano;42.95;9.41;24/09/2026;09:00;25.1;0;SOLEIL;4;29.5;0
Rogliano;42.95;9.41;24/09/2026;10:00;25.1;0;SOLEIL;4;33.5;0
Rogliano;42.95;9.41;24/09/2026;11:00;25.5;0;SOLEIL;5;36.0;0
Rogliano;42.95;9.41;24/09/2026;12:00;25.5;0;SOLEIL;5;36.7;0
Rogliano;42.95;9.41;24/09/2026;13:00;25.5;0;SOLEIL;5;36.0;0
Rogliano;42.95;9.41;24/09/2026;14:00;24.1;0;SOLEIL;3;35.3;0
Rogliano;42.95;9.41;24/09/2026;15:00;24.1;0;SOLEIL;3;34.9;0
Rogliano;42.95;9.41;24/09/2026;16:00;24.1;0;SOLEIL;3;34.6;0
Rogliano;42.95;9.41;24/09/2026;17:00;21.6;0;SOLEIL;4;34.6;0
Rogliano;42.95;9.41;24/09/2026;18:00;21.6;0;SOLEIL;4;34.2;0
Rogliano;42.95;9.41;24/09/2026;19:00;21.6;0;SOLEIL;4;34.2;0
Rogliano;42.95;9.41;24/09/2026;20:00;21.7;0;SOLEIL;5;35.3;0
Rogliano;42.95;9.41;24/09/2026;21:00;20.8;0;SOLEIL;5;38.9;0
Rogliano;42.95;9.41;24/09/2026;22:00;19.9;0;SOLEIL;5;43.9;0
Rogliano;42.95;9.41;24/09/2026;23:00;21;0;SOLEIL;6;46.8;0
Rogliano;42.95;9.41;25/09/2026;00:00;21;0;SOLEIL;6;45.7;0
Rogliano;42.95;9.41;25/09/2026;01:00;21;0;SOLEIL;6;42.8;0
Rogliano;42.95;9.41;25/09/2026;02:00;17.9;0;SOLEIL;5;39.2;0
Rogliano;42.95;9.41;25/09/2026;03:00;17.9;0;SOLEIL;5;36.0;0
Rogliano;42.95;9.41;25/09/2026;04:00;17.9;0;SOLEIL;5;32.0;0
Rogliano;42.95;9.41;25/09/2026;05:00;19;6;AVERSES;9;27.4;0
Rogliano;42.95;9.41;25/09/2026;06:00;19;6;AVERSES;9;19.8;0
Rogliano;42.95;9.41;25/09/2026;07:00;19;6;AVERSES;9;11.5;0
Rogliano;42.95;9.41;25/09/2026;08:00;18.9;0;SOLEIL;5;8.3;0
Rogliano;42.95;9.41;25/09/2026;09:00;19.5;0;SOLEIL;5;14.4;0
Rogliano;42.95;9.41;25/09/2026;10:00;20.0;0;SOLEIL;5;25.6;0
Rogliano;42.95;9.41;25/09/2026;11:00;22;7;PLUIE FAIBLE;6;34.9;0
Rogliano;42.95;9.41;25/09/2026;12:00;22;7;PLUIE FAIBLE;6;39.2;0
Rogliano;42.95;9.41;25/09/2026;13:00;22;7;PLUIE FAIBLE;6;41.8;0
Rogliano;42.95;9.41;25/09/2026;14:00;22.1;0;SOLEIL;5;42.8;0
Rogliano;42.95;9.41;25/09/2026;15:00;22.6;0;SOLEIL;5;42.8;0
Rogliano;42.95;9.41;25/09/2026;16:00;22.1;0;SOLEIL;5;41.4;0
Rogliano;42.95;9.41;25/09/2026;17:00;20.4;0;SOLEIL;8;40.0;0
Rogliano;42.95;9.41;25/09/2026;18:00;20.4;0;SOLEIL;8;39.2;0
Rogliano;42.95;9.41;25/09/2026;19:00;20.4;0;SOLEIL;8;38.2;0
Rogliano;42.95;9.41;25/09/2026;20:00;20.0;0;SOLEIL;5;36.7;0
Rogliano;42.95;9.41;25/09/2026;21:00;19.5;0;SOLEIL;5;33.8;0
Rogliano;42.95;9.41;25/09/2026;22:00;18.9;0;SOLEIL;5;30.6;0
Rogliano;42.95;9.41;25/09/2026;23:00;19.2;0;SOLEIL;9;27.7;0
Rogliano;42.95;9.41;26/09/2026;00:00;19.2;0;SOLEIL;9;22.6;0
Rogliano;42.95;9.41;26/09/2026;01:00;19.2;0;SOLEIL;9;18.2;0
Rogliano;42.95;9.41;26/09/2026;02:00;18.6;0;SOLEIL;5;14.0;0
Rogliano;42.95;9.41;26/09/2026;03:00;18.6;0;SOLEIL;5;11.5;0
Rogliano;42.95;9.41;26/09/2026;04:00;18.6;0;SOLEIL;5;13.3;0
Rogliano;42.95;9.41;26/09/2026;05:00;19.9;0;SOLEIL;9;14.4;0
Rogliano;42.95;9.41;26/09/2026;06:00;19.9;0;SOLEIL;9;14.0;0
Rogliano;42.95;9.41;26/09/2026;07:00;19.9;0;SOLEIL;9;13.0;0
Rogliano;42.95;9.41;26/09/2026;08:00;19.7;0;SOLEIL;5;13.3;0
Rogliano;42.95;9.41;26/09/2026;09:00;20.3;0;SOLEIL;5;15.8;0
Rogliano;42.95;9.41;26/09/2026;10:00;20.9;0;SOLEIL;5;19.8;0
Rogliano;42.95;9.41;26/09/2026;11:00;23.2;0;SOLEIL;6;22.7;0
Rogliano;42.95;9.41;26/09/2026;12:00;23.2;0;SOLEIL;6;24.5;0
Rogliano;42.95;9.41;26/09/2026;13:00;23.2;0;SOLEIL;6;25.6;0
Rogliano;42.95;9.41;26/09/2026;14:00;23.1;0;SOLEIL;5;25.9;0
Rogliano;42.95;9.41;26/09/2026;15:00;23.7;0;SOLEIL;5;25.6;0
Rogliano;42.95;9.41;26/09/2026;16:00;23.1;0;SOLEIL;5;24.5;0
Rogliano;42.95;9.41;26/09/2026;17:00;20.7;0;SOLEIL;7;22.7;0
Rogliano;42.95;9.41;26/09/2026;18:00;20.7;0;SOLEIL;7;19.8;0
Rogliano;42.95;9.41;26/09/2026;19:00;20.7;0;SOLEIL;7;16.2;0
Rogliano;42.95;9.41;26/09/2026;20:00;20.9;0;SOLEIL;5;13.3;0
Rogliano;42.95;9.41;26/09/2026;21:00;20.3;0;SOLEIL;5;12.2;0
Rogliano;42.95;9.41;26/09/2026;22:00;19.7;0;SOLEIL;5;11.9;0
Rogliano;42.95;9.41;26/09/2026;23:00;20.1;0;SOLEIL;6;11.5;0
Vico;42.16;8.8;22/09/2026;00:00;17.1;5;SOLEIL VOILÉ;1;10.1;0
Vico;42.16;8.8;22/09/2026;01:00;16.6;5;SOLEIL VOILÉ;1;9.0;0
Vico;42.16;8.8;22/09/2026;02:00;16.1;0;SOLEIL;1;8.6;0
Vico;42.16;8.8;22/09/2026;03:00;15.6;0;SOLEIL;1;10.1;0
Vico;42.16;8.8;22/09/2026;04:00;14.9;0;SOLEIL;1;10.4;0
Vico;42.16;8.8;22/09/2026;05:00;14.4;0;SOLEIL;1;11.2;0
Vico;42.16;8.8;22/09/2026;06:00;15.4;0;SOLEIL;1;11.2;0
Vico;42.16;8.8;22/09/2026;07:00;18.1;0;SOLEIL;1;13.0;0
Vico;42.16;8.8;22/09/2026;08:00;24;0;SOLEIL;0;13.3;0
Vico;42.16;8.8;22/09/2026;09:00;25.9;0;SOLEIL;1;13.0;0
Vico;42.16;8.8;22/09/2026;10:00;26.7;0;SOLEIL;2;11.9;0
Vico;42.16;8.8;22/09/2026;11:00;27.4;0;SOLEIL;3;18.0;0
Vico;42.16;8.8;22/09/2026;12:00;28.1;0;SOLEIL;3;22.0;0
Vico;42.16;8.8;22/09/2026;13:00;28.5;6;AVERSES;3;24.1;0.1
Vico;42.16;8.8;22/09/2026;14:00;28.1;6;AVERSES;3;27.0;0.1
Vico;42.16;8.8;22/09/2026;15:00;26.9;6;AVERSES;2;27.4;0.1
Vico;42.16;8.8;22/09/2026;16:00;25.6;0;SOLEIL;2;27.7;0
Vico;42.16;8.8;22/09/2026;17:00;23.7;0;SOLEIL;1;24.1;0
Vico;42.16;8.8;22/09/2026;18:00;22.1;0;SOLEIL;0;21.2;0
Vico;42.16;8.8;22/09/2026;19:00;20.2;0;SOLEIL;1;15.1;0
Vico;42.16;8.8;22/09/2026;20:00;19;0;SOLEIL;1;6.8;0
Vico;42.16;8.8;22/09/2026;21:00;18.2;0;SOLEIL;1;10.4;0
Vico;42.16;8.8;22/09/2026;22:00;17.9;0;SOLEIL;1;11.5;0
Vico;42.16;8.8;22/09/2026;23:00;17.6;0;SOLEIL;1;11.5;0
Vico;42.16;8.8;23/09/2026;00:00;17.9;0;SOLEIL;1;12.6;0
Vico;42.16;8.8;23/09/2026;01:00;17.9;0;SOLEIL;1;14.8;0
Vico;42.16;8.8;23/09/2026;02:00;14.2;0;SOLEIL;2;15.8;0
Vico;42.16;8.8;23/09/2026;03:00;14.2;0;SOLEIL;2;15.8;0
Vico;42.16;8.8;23/09/2026;04:00;14.2;0;SOLEIL;2;14.8;0
Vico;42.16;8.8;23/09/2026;05:00;15.5;0;SOLEIL;2;14.4;0
Vico;42.16;8.8;23/09/2026;06:00;15.5;0;SOLEIL;2;14.4;0
Vico;42.16;8.8;23/09/2026;07:00;15.5;0;SOLEIL;2;15.1;0
Vico;42.16;8.8;23/09/2026;08:00;25;0;SOLEIL;2;15.5;0
Vico;42.16;8.8;23/09/2026;09:00;25;0;SOLEIL;2;14.8;0
Vico;42.16;8.8;23/09/2026;10:00;25;0;SOLEIL;2;10.4;0
Vico;42.16;8.8;23/09/2026;11:00;26.6;0;SOLEIL;3;22.0;0
Vico;42.16;8.8;23/09/2026;12:00;26.6;0;SOLEIL;3;31.0;0
Vico;42.16;8.8;23/09/2026;13:00;26.6;0;SOLEIL;3;31.7;0
Vico;42.16;8.8;23/09/2026;14:00;26.1;0;SOLEIL;2;32.0;0
Vico;42.16;8.8;23/09/2026;15:00;26.1;0;SOLEIL;2;31.0;0
Vico;42.16;8.8;23/09/2026;16:00;26.1;0;SOLEIL;2;28.8;0
Vico;42.16;8.8;23/09/2026;17:00;20.4;0;SOLEIL;1;26.6;0
Vico;42.16;8.8;23/09/2026;18:00;20.4;0;SOLEIL;1;22.3;0
Vico;42.16;8.8;23/09/2026;19:00;20.4;0;SOLEIL;1;16.9;0
Vico;42.16;8.8;23/09/2026;20:00;15.6;0;SOLEIL;2;10.4;0
Vico;42.16;8.8;23/09/2026;21:00;15.6;0;SOLEIL;2;10.8;0
Vico;42.16;8.8;23/09/2026;22:00;15.6;0;SOLEIL;2;13.3;0
Vico;42.16;8.8;23/09/2026;23:00;14.4;0;SOLEIL;2;14.4;0
Vico;42.16;8.8;24/09/2026;00:00;14.4;0;SOLEIL;2;15.8;0
Vico;42.16;8.8;24/09/2026;01:00;14.4;0;SOLEIL;2;16.2;0
Vico;42.16;8.8;24/09/2026;02:00;12.6;0;SOLEIL;2;15.8;0
Vico;42.16;8.8;24/09/2026;03:00;12.6;0;SOLEIL;2;15.5;0
Vico;42.16;8.8;24/09/2026;04:00;12.6;0;SOLEIL;2;15.5;0
Vico;42.16;8.8;24/09/2026;05:00;13.6;0;SOLEIL;2;15.1;0
Vico;42.16;8.8;24/09/2026;06:00;13.6;0;SOLEIL;2;15.5;0
Vico;42.16;8.8;24/09/2026;07:00;13.6;0;SOLEIL;2;15.5;0
Vico;42.16;8.8;24/09/2026;08:00;24.5;0;SOLEIL;2;16.2;0
Vico;42.16;8.8;24/09/2026;09:00;24.5;0;SOLEIL;2;15.5;0
Vico;42.16;8.8;24/09/2026;10:00;24.5;0;SOLEIL;2;14.8;0
Vico;42.16;8.8;24/09/2026;11:00;27;0;SOLEIL;3;15.8;0
Vico;42.16;8.8;24/09/2026;12:00;27;0;SOLEIL;3;20.2;0
Vico;42.16;8.8;24/09/2026;13:00;27;0;SOLEIL;3;26.6;0
Vico;42.16;8.8;24/09/2026;14:00;25.2;0;SOLEIL;2;30.6;0
Vico;42.16;8.8;24/09/2026;15:00;25.2;0;SOLEIL;2;31.0;0
Vico;42.16;8.8;24/09/2026;16:00;25.2;0;SOLEIL;2;29.5;0
Vico;42.16;8.8;24/09/2026;17:00;19.2;0;SOLEIL;1;26.6;0
Vico;42.16;8.8;24/09/2026;18:00;19.2;0;SOLEIL;1;21.6;0
Vico;42.16;8.8;24/09/2026;19:00;19.2;0;SOLEIL;1;15.5;0
Vico;42.16;8.8;24/09/2026;20:00;18.9;0;SOLEIL;5;11.2;0
Vico;42.16;8.8;24/09/2026;21:00;17.2;0;SOLEIL;5;10.1;0
Vico;42.16;8.8;24/09/2026;22:00;15.5;0;SOLEIL;5;10.8;0
Vico;42.16;8.8;24/09/2026;23:00;15;0;SOLEIL;2;11.9;0
Vico;42.16;8.8;25/09/2026;00:00;15;0;SOLEIL;2;13.7;0
Vico;42.16;8.8;25/09/2026;01:00;15;0;SOLEIL;2;15.8;0
Vico;42.16;8.8;25/09/2026;02:00;12.4;0;SOLEIL;5;17.3;0
Vico;42.16;8.8;25/09/2026;03:00;12.4;0;SOLEIL;5;18.0;0
Vico;42.16;8.8;25/09/2026;04:00;12.4;0;SOLEIL;5;18.0;0
Vico;42.16;8.8;25/09/2026;05:00;13.7;0;SOLEIL;1;17.6;0
Vico;42.16;8.8;25/09/2026;06:00;13.7;0;SOLEIL;1;16.9;0
Vico;42.16;8.8;25/09/2026;07:00;13.7;0;SOLEIL;1;15.8;0
Vico;42.16;8.8;25/09/2026;08:00;15.5;0;SOLEIL;5;15.1;0
Vico;42.16;8.8;25/09/2026;09:00;17.0;0;SOLEIL;5;15.1;0
Vico;42.16;8.8;25/09/2026;10:00;18.5;0;SOLEIL;5;15.1;0
Vico;42.16;8.8;25/09/2026;11:00;25.6;7;PLUIE FAIBLE;3;16.6;0
Vico;42.16;8.8;25/09/2026;12:00;25.6;7;PLUIE FAIBLE;3;19.8;0
Vico;42.16;8.8;25/09/2026;13:00;25.6;7;PLUIE FAIBLE;3;24.5;0
Vico;42.16;8.8;25/09/2026;14:00;24.7;0;SOLEIL;5;27.4;0
Vico;42.16;8.8;25/09/2026;15:00;26.2;0;SOLEIL;5;28.1;0
Vico;42.16;8.8;25/09/2026;16:00;24.7;0;SOLEIL;5;27.7;0
Vico;42.16;8.8;25/09/2026;17:00;17.9;6;AVERSES;1;25.2;0
Vico;42.16;8.8;25/09/2026;18:00;17.9;6;AVERSES;1;19.4;0
Vico;42.16;8.8;25/09/2026;19:00;17.9;6;AVERSES;1;11.5;0
Vico;42.16;8.8;25/09/2026;20:00;18.5;0;SOLEIL;5;6.8;0
Vico;42.16;8.8;25/09/2026;21:00;17.0;0;SOLEIL;5;7.6;0
Vico;42.16;8.8;25/09/2026;22:00;15.5;0;SOLEIL;5;10.8;0
Vico;42.16;8.8;25/09/2026;23:00;13.5;0;SOLEIL;1;13.7;0
Vico;42.16;8.8;26/09/2026;00:00;13.5;0;SOLEIL;1;15.6;0
Vico;42.16;8.8;26/09/2026;01:00;13.5;0;SOLEIL;1;16.4;0
Vico;42.16;8.8;26/09/2026;02:00;10.7;0;SOLEIL;5;16.7;0
Vico;42.16;8.8;26/09/2026;03:00;10.7;0;SOLEIL;5;17.6;0
Vico;42.16;8.8;26/09/2026;04:00;10.7;0;SOLEIL;5;17.6;0
Vico;42.16;8.8;26/09/2026;05:00;12.1;0;SOLEIL;1;18.0;0
Vico;42.16;8.8;26/09/2026;06:00;12.1;0;SOLEIL;1;18.0;0
Vico;42.16;8.8;26/09/2026;07:00;12.1;0;SOLEIL;1;18.0;0
Vico;42.16;8.8;26/09/2026;08:00;14.3;0;SOLEIL;5;18.0;0
Vico;42.16;8.8;26/09/2026;09:00;16.1;0;SOLEIL;5;18.0;0
Vico;42.16;8.8;26/09/2026;10:00;17.9;0;SOLEIL;5;18.4;0
Vico;42.16;8.8;26/09/2026;11:00;26.1;0;SOLEIL;2;19.1;0
Vico;42.16;8.8;26/09/2026;12:00;26.1;0;SOLEIL;2;21.2;0
Vico;42.16;8.8;26/09/2026;13:00;26.1;0;SOLEIL;2;23.8;0
Vico;42.16;8.8;26/09/2026;14:00;25.1;0;SOLEIL;5;25.9;0
Vico;42.16;8.8;26/09/2026;15:00;26.9;0;SOLEIL;5;27.4;0
Vico;42.16;8.8;26/09/2026;16:00;25.1;0;SOLEIL;5;27.7;0
Vico;42.16;8.8;26/09/2026;17:00;18.1;0;SOLEIL;1;26.3;0
Vico;42.16;8.8;26/09/2026;18:00;18.1;0;SOLEIL;1;20.9;0
Vico;42.16;8.8;26/09/2026;19:00;18.1;0;SOLEIL;1;13.3;0
Vico;42.16;8.8;26/09/2026;20:00;17.9;0;SOLEIL;5;8.3;0
Vico;42.16;8.8;26/09/2026;21:00;16.1;0;SOLEIL;5;8.6;0
Vico;42.16;8.8;26/09/2026;22:00;14.3;0;SOLEIL;5;11.9;0
Vico;42.16;8.8;26/09/2026;23:00;13.4;0;SOLEIL;1;14.4;0
